/*
 Navicat Premium Data Transfer

 Source Server         : sqlserver1
 Source Server Type    : SQL Server
 Source Server Version : 15002000
 Source Host           : localhost:1433
 Source Catalog        : PTPM_FINALLY_JAVA_MOB1024
 Source Schema         : dbo

 Target Server Type    : SQL Server
 Target Server Version : 15002000
 File Encoding         : 65001

 Date: 08/04/2024 00:42:37
*/

CREATE DATABASE PTPM_FINALLY_JAVA_MOB1024;
GO
USE PTPM_FINALLY_JAVA_MOB1024;
GO
-- ----------------------------
-- Table structure for BaiHat
-- ----------------------------
IF EXISTS (SELECT * FROM sys.all_objects WHERE object_id = OBJECT_ID(N'[dbo].[BaiHat]') AND type IN ('U'))
	DROP TABLE [dbo].[BaiHat]
GO

CREATE TABLE [dbo].[BaiHat] (
  [ID] int  IDENTITY(1,1) NOT NULL,
  [TenBaiHat] nvarchar(100) COLLATE SQL_Latin1_General_CP1_CI_AS  NULL,
  [TenTacGia] nvarchar(100) COLLATE SQL_Latin1_General_CP1_CI_AS  NULL,
  [ThoiLuong] int  NULL,
  [NgaySanXuat] date  NULL,
  [Gia] float(53)  NULL,
  [CaSiID] int  NULL,
  [PhatHanhDia] bit  NULL,
  [NgayRaMat] date  NULL
)
GO

ALTER TABLE [dbo].[BaiHat] SET (LOCK_ESCALATION = TABLE)
GO


-- ----------------------------
-- Records of BaiHat
-- ----------------------------
BEGIN TRANSACTION
GO

SET IDENTITY_INSERT [dbo].[BaiHat] ON
GO

INSERT INTO [dbo].[BaiHat] ([ID], [TenBaiHat], [TenTacGia], [ThoiLuong], [NgaySanXuat], [Gia], [CaSiID], [PhatHanhDia], [NgayRaMat]) VALUES (N'1', N'Cherry', N'Wanda Simmons', N'29', N'2001-08-09', N'628.916892624362', N'24', N'1', N'2016-02-18'), (N'2', N'eango', N'Siu Chieh Lun', N'20', N'2020-03-09', N'907.033535916275', N'46', N'1', N'2019-03-23'), (N'3', N'Mango', N'Emma Mitchell', N'0', N'2023-11-22', N'19.5310978983067', N'11', N'1', N'2018-09-19'), (N'4', N'vherry pi', N'Edward Lee', N'11', N'2007-10-21', N'311.647773323373', N'28', N'1', N'2021-06-25'), (N'5', N'Pluots pro', N'Robin Cooper', N'18', N'2011-05-26', N'282.491013385817', N'24', N'1', N'2016-03-08'), (N'6', N'Cderry', N'Jiang Yunxi', N'3', N'2012-11-07', N'418.612528414975', N'9', N'1', N'2014-04-26'), (N'7', N'Strawberry core', N'Wei Lan', N'4', N'2020-12-06', N'425.690795990758', N'9', N'1', N'2001-06-24'), (N'8', N'xGraze', N'Fan Yunxi', N'0', N'2002-10-05', N'148.219842186361', N'24', N'1', N'2023-07-26'), (N'9', N'ambi-Orahge', N'Meng Wai Yee', N'25', N'2020-01-15', N'419.549780789246', N'12', N'1', N'2005-04-13'), (N'10', N'Kiwi', N'Chin On Na', N'9', N'2008-02-02', N'105.377688504744', N'39', N'1', N'2013-01-22'), (N'11', N'Manlo', N'Liu Zhennan', N'4', N'2019-11-26', N'423.22066295744', N'37', N'1', N'2011-08-25'), (N'12', N'iStsawberry', N'Lei Yuning', N'5', N'2006-02-15', N'280.623076255396', N'5', N'1', N'2000-05-17'), (N'13', N'Appce', N'Shi Rui', N'16', N'2020-11-10', N'641.019346664195', N'1', N'1', N'2018-07-05'), (N'14', N'Mango', N'Hui Ka Ming', N'8', N'2021-08-14', N'768.341290697128', N'19', N'1', N'2013-12-28'), (N'15', N'giwi elite', N'Yuen Ka Fai', N'3', N'2006-07-17', N'941.160681042418', N'9', N'1', N'2001-01-17'), (N'16', N'hherry core', N'Kimberly Watson', N'17', N'2022-08-21', N'248.876162820325', N'10', N'1', N'2018-12-23'), (N'17', N'Plufts', N'Annie Munoz', N'1', N'2023-03-26', N'91.2738664634708', N'5', N'1', N'2015-11-22'), (N'18', N'Orahge', N'Hou Jialun', N'29', N'2017-08-02', N'543.379008455862', N'42', N'1', N'2017-01-22'), (N'19', N'Raspnerry', N'Cheng Lu', N'14', N'2000-07-11', N'190.878739964057', N'28', N'1', N'2000-09-06'), (N'20', N'Strawbnrry pi', N'Matsui Kazuma', N'27', N'2013-07-28', N'349.622810275577', N'8', N'1', N'2007-09-14'), (N'21', N'Pluzts premium', N'Luo Yuning', N'16', N'2005-05-09', N'433.269981722861', N'40', N'1', N'2021-08-10'), (N'22', N'omni-Grape', N'Manuel Roberts', N'16', N'2001-12-28', N'69.2493646738092', N'35', N'1', N'2018-07-20'), (N'23', N'dpple', N'Yan Shihan', N'4', N'2017-01-13', N'712.221596461634', N'17', N'1', N'2012-02-21'), (N'24', N'Strrwberry', N'Roger Stevens', N'28', N'2012-04-25', N'70.8763608845804', N'20', N'1', N'2004-01-22'), (N'25', N'Mango', N'Martha Clark', N'12', N'2021-06-03', N'207.363023114601', N'13', N'1', N'2009-07-20'), (N'26', N'Apale', N'Yamamoto Nanami', N'9', N'2007-06-27', N'18.3952114830156', N'40', N'1', N'2013-12-13'), (N'27', N'Appje', N'Tang Yuning', N'4', N'2021-10-24', N'658.919233426727', N'15', N'1', N'2016-09-17'), (N'28', N'Stsawberry mini', N'Ku Wai San', N'12', N'2014-12-24', N'289.690486821446', N'40', N'1', N'2005-02-02'), (N'29', N'pambutan', N'Yuen Hok Yau', N'23', N'2022-06-29', N'566.67120142971', N'2', N'1', N'2021-01-22'), (N'30', N'Pluots', N'Monica Lee', N'4', N'2005-06-07', N'462.211795936149', N'38', N'1', N'2009-11-09'), (N'31', N'Kiwi se', N'Mao Lu', N'16', N'2018-01-30', N'567.841491758339', N'10', N'1', N'2023-05-28'), (N'32', N'Raspberry elite', N'Juan Lee', N'27', N'2006-08-29', N'831.354122864028', N'26', N'1', N'2009-09-18'), (N'33', N'cluots', N'Yokoyama Ayato', N'29', N'2007-05-11', N'954.082277578926', N'31', N'1', N'2008-05-03'), (N'34', N'Rqspberry', N'Sit On Kay', N'8', N'2020-03-31', N'341.757396881888', N'36', N'1', N'2021-12-17'), (N'35', N'paspberry', N'Jiang Anqi', N'15', N'2014-02-20', N'71.3200857090777', N'11', N'1', N'2004-07-22'), (N'36', N'jambutan', N'Jiang Rui', N'19', N'2013-06-02', N'527.974276583697', N'11', N'1', N'2020-01-14'), (N'37', N'Cherry', N'Su Zhiyuan', N'14', N'2011-07-18', N'220.980107820709', N'18', N'1', N'2009-09-30'), (N'38', N'Pluots', N'Saito Ayano', N'14', N'2007-01-24', N'342.03969937908', N'4', N'1', N'2021-11-20'), (N'39', N'frape pi', N'Ichikawa Shino', N'9', N'2019-08-10', N'773.412557424352', N'4', N'1', N'2000-09-11'), (N'40', N'Pluots', N'Judith Chen', N'24', N'2019-05-04', N'47.1030153594809', N'28', N'1', N'2023-05-30'), (N'41', N'omni-Raspberry', N'Loui On Na', N'26', N'2023-06-18', N'126.468767489302', N'27', N'1', N'2012-05-11'), (N'42', N'Raspberry', N'Keith Lopez', N'18', N'2020-06-06', N'504.712440173003', N'31', N'1', N'2023-06-02'), (N'43', N'Orange se', N'Yeow Sum Wing', N'19', N'2009-11-19', N'459.94036623514', N'45', N'1', N'2011-08-04'), (N'44', N'fiwi', N'Ma Rui', N'1', N'2009-12-23', N'260.111842928542', N'18', N'1', N'2002-10-24'), (N'45', N'Mango', N'Zhou Lan', N'9', N'2021-03-23', N'559.878533120208', N'41', N'1', N'2012-06-16'), (N'46', N'Appee elite', N'Feng Shihan', N'6', N'2006-08-08', N'28.795374811346', N'8', N'1', N'2012-06-28'), (N'47', N'ultra-aango', N'Fan Rui', N'5', N'2001-06-05', N'919.095219752266', N'4', N'1', N'2006-05-14'), (N'48', N'ultra-Pluots', N'Liao On Na', N'1', N'2012-08-15', N'996.838377978248', N'34', N'1', N'2006-07-30'), (N'49', N'Gyape', N'Yamamoto Momoka', N'20', N'2011-05-23', N'55.5768429118192', N'10', N'1', N'2009-08-19'), (N'50', N'iStrawberry', N'Tong Ling Ling', N'29', N'2021-10-06', N'188.878634980289', N'50', N'1', N'2003-02-19'), (N'51', N'Rambutan pro', N'Ito Riku', N'6', N'2017-07-01', N'231.616081758352', N'24', N'1', N'2014-04-26'), (N'52', N'Kiwi', N'Jeffery Young', N'14', N'2013-06-23', N'630.170895715674', N'35', N'1', N'2020-02-19'), (N'53', N'Rambutan air', N'Abe Sakura', N'9', N'2012-08-13', N'483.025140474506', N'34', N'1', N'2011-07-29'), (N'54', N'Raspbecry', N'Jennifer Snyder', N'10', N'2008-10-22', N'656.688639869348', N'43', N'1', N'2018-10-15'), (N'55', N'omni-Strawberry', N'Dennis Lewis', N'17', N'2021-07-22', N'737.268916830553', N'36', N'1', N'2017-09-22'), (N'56', N'arape', N'Qin Rui', N'3', N'2021-04-18', N'804.711143608783', N'2', N'1', N'2023-03-07'), (N'57', N'Rambutbn mini', N'Chic Ling Ling', N'9', N'2010-07-11', N'512.338604206456', N'2', N'1', N'2003-07-25'), (N'58', N'tango', N'Imai Ryota', N'5', N'2016-07-27', N'466.90685503867', N'43', N'1', N'2021-06-11'), (N'59', N'Oranke pi', N'Ng Fu Shing', N'6', N'2016-07-20', N'509.8030459836', N'41', N'1', N'2009-05-18'), (N'60', N'Chezry pro', N'Billy Gibson', N'19', N'2005-07-18', N'709.403492476786', N'26', N'1', N'2017-07-11'), (N'61', N'ultra-Raspwerry', N'Edith Jones', N'22', N'2016-02-13', N'345.140453781353', N'33', N'1', N'2004-03-04'), (N'62', N'Cherey', N'Sakai Eita', N'30', N'2011-05-11', N'120.653158592906', N'27', N'1', N'2024-02-22'), (N'63', N'Appbe elite', N'Alfred Miller', N'28', N'2022-10-11', N'748.447700272732', N'31', N'1', N'2020-05-04'), (N'64', N'Strawbvrry mini', N'Murata Yamato', N'22', N'2002-09-25', N'897.726088937534', N'2', N'1', N'2006-07-01'), (N'65', N'ultra-Orange', N'Lau Ka Ling', N'18', N'2001-09-07', N'143.36245805019', N'43', N'1', N'2015-04-25'), (N'66', N'Raspberry core', N'Kwong Hok Yau', N'0', N'2020-12-21', N'106.451906109806', N'13', N'1', N'2018-08-15'), (N'67', N'Appme pro', N'Cheng Kar Yan', N'26', N'2023-02-10', N'63.4520980382552', N'41', N'1', N'2022-04-01'), (N'68', N'iOrange', N'Dong Jialun', N'0', N'2012-07-07', N'749.939188196281', N'22', N'1', N'2002-08-24'), (N'69', N'npple pro', N'Xiang Yuning', N'29', N'2004-04-11', N'49.3004453334866', N'10', N'1', N'2022-11-06'), (N'70', N'Rambutan', N'Hou Ziyi', N'22', N'2022-11-09', N'200.266189217601', N'11', N'1', N'2012-06-23'), (N'71', N'Kiwi', N'Wu Siu Wai', N'26', N'2001-09-16', N'217.074248193825', N'43', N'1', N'2005-05-23'), (N'72', N'niwi', N'Brian Taylor', N'29', N'2024-01-05', N'162.080800517255', N'5', N'1', N'2006-10-17'), (N'73', N'Apple se', N'Ikeda Shino', N'13', N'2013-03-30', N'954.895216563044', N'26', N'1', N'2018-11-10'), (N'74', N'Kiwi', N'Danielle Graham', N'13', N'2003-11-19', N'518.410945388736', N'46', N'1', N'2018-09-01'), (N'75', N'Rambutan', N'Nakagawa Eita', N'4', N'2022-11-11', N'368.722249001324', N'7', N'1', N'2019-07-17'), (N'76', N'Kihi pi', N'Xu Zitao', N'4', N'2001-02-22', N'596.333379142918', N'44', N'1', N'2009-07-08'), (N'77', N'Strawberry', N'Qin Ziyi', N'16', N'2003-04-07', N'273.325672736737', N'14', N'1', N'2008-12-13'), (N'78', N'Cherry premium', N'Wei Zhennan', N'29', N'2016-06-15', N'479.583964141014', N'40', N'1', N'2015-03-23'), (N'79', N'Cherry', N'Wu Fu Shing', N'8', N'2022-01-01', N'745.654030273912', N'38', N'1', N'2015-03-20'), (N'80', N'Apvle premium', N'Frederick Taylor', N'21', N'2014-12-23', N'466.743714326006', N'6', N'1', N'2007-02-18'), (N'81', N'Orange', N'Chang Wai San', N'28', N'2019-10-08', N'654.330626258025', N'30', N'1', N'2003-11-24'), (N'82', N'iCherry', N'Sheh Cho Yee', N'28', N'2007-06-01', N'328.648248480695', N'22', N'1', N'2011-07-27'), (N'83', N'epple', N'John Guzman', N'20', N'2012-11-01', N'816.626278123139', N'26', N'1', N'2020-07-02'), (N'84', N'Pluots', N'Aoki Nanami', N'7', N'2005-09-02', N'884.214970637193', N'28', N'1', N'2011-07-21'), (N'85', N'xApple', N'Yau Lik Sun', N'14', N'2005-06-13', N'246.222352494084', N'48', N'1', N'2020-09-26'), (N'86', N'Mango', N'Karen Shaw', N'19', N'2002-03-05', N'563.717724698909', N'45', N'1', N'2022-01-30'), (N'87', N'Strawberry', N'Cao Xiuying', N'24', N'2000-05-01', N'338.750918500625', N'29', N'1', N'2017-07-24'), (N'88', N'Raspberry', N'Xie Anqi', N'15', N'2014-05-13', N'633.487337878095', N'26', N'1', N'2005-06-17'), (N'89', N'iGrgpe', N'Duan Anqi', N'26', N'2009-07-25', N'247.493436543762', N'31', N'1', N'2023-11-03'), (N'90', N'apple', N'Leung Chun Yu', N'2', N'2023-09-23', N'363.464578853503', N'44', N'1', N'2003-03-09'), (N'91', N'Rawbutan mini', N'Martha Rodriguez', N'28', N'2019-07-05', N'384.639434257538', N'10', N'1', N'2013-02-27'), (N'92', N'xKiwi', N'Kwok On Kay', N'18', N'2022-10-01', N'482.805239294314', N'15', N'1', N'2007-10-06'), (N'93', N'ambi-Manao', N'Yin Jiehong', N'11', N'2019-10-05', N'625.374802839285', N'6', N'1', N'2021-03-28'), (N'94', N'Pluous', N'Tanaka Kaito', N'3', N'2013-07-10', N'821.733501273602', N'24', N'1', N'2022-08-28'), (N'95', N'Raspoerry pi', N'Tong Siu Wai', N'23', N'2023-12-26', N'774.259533651063', N'4', N'1', N'2017-05-14'), (N'96', N'Apple', N'Sakamoto Shino', N'6', N'2009-09-09', N'284.217555968879', N'29', N'1', N'2007-11-26'), (N'97', N'Plujts', N'Kwan Tsz Hin', N'11', N'2000-04-09', N'611.062607360105', N'43', N'1', N'2010-06-01'), (N'98', N'Mango mini', N'Leroy Alexander', N'23', N'2002-10-28', N'565.831912549781', N'1', N'1', N'2011-08-28'), (N'99', N'Strawberay pi', N'Kwong Tak Wah', N'11', N'2005-07-19', N'15.7345043422834', N'37', N'1', N'2017-09-15'), (N'100', N'Pluots', N'Kobayashi Nanami', N'2', N'2005-10-13', N'300.100288135058', N'35', N'1', N'2000-12-14')
GO

INSERT INTO [dbo].[BaiHat] ([ID], [TenBaiHat], [TenTacGia], [ThoiLuong], [NgaySanXuat], [Gia], [CaSiID], [PhatHanhDia], [NgayRaMat]) VALUES (N'101', N'Maago', N'Shimada Minato', N'11', N'2014-11-23', N'751.746662880387', N'38', N'1', N'2002-01-01'), (N'102', N'Strawbetry pi', N'Han Wai Lam', N'10', N'2000-10-18', N'919.051943191', N'29', N'1', N'2021-09-03'), (N'103', N'Grare plus', N'Qin Jiehong', N'23', N'2008-11-12', N'229.762535520632', N'29', N'1', N'2016-02-17'), (N'104', N'ijiwi', N'Li Xiaoming', N'27', N'2023-03-21', N'290.119147284508', N'34', N'1', N'2015-07-26'), (N'105', N'nango', N'Yamaguchi Airi', N'12', N'2007-08-26', N'683.222449802159', N'15', N'1', N'2011-07-13'), (N'106', N'Strawberry', N'Yoshida Hikaru', N'12', N'2013-06-20', N'372.777551404762', N'13', N'1', N'2000-09-13'), (N'107', N'Mango pi', N'Ma Jialun', N'27', N'2013-08-25', N'576.772688895858', N'10', N'1', N'2018-11-01'), (N'108', N'Orange', N'Yao Ziyi', N'13', N'2015-09-07', N'950.057262667628', N'47', N'1', N'2012-11-14'), (N'109', N'Mango air', N'Chan Chieh Lun', N'2', N'2017-11-01', N'406.01327495499', N'3', N'1', N'2003-11-03'), (N'110', N'uango', N'Qian Lan', N'8', N'2016-11-26', N'211.794209105959', N'15', N'1', N'2000-05-10'), (N'111', N'ultra-Orange', N'Hara Hazuki', N'5', N'2019-02-18', N'271.495951326576', N'23', N'1', N'2013-08-31'), (N'112', N'hiwi plus', N'Endo Nanami', N'18', N'2021-11-11', N'314.7233371953', N'3', N'1', N'2001-03-19'), (N'113', N'ultra-Rambutan', N'Gloria Medina', N'9', N'2011-12-27', N'34.149255202923', N'1', N'1', N'2012-05-03'), (N'114', N'Strawbvrry', N'Deng Xiaoming', N'27', N'2018-08-17', N'263.447477563374', N'36', N'1', N'2002-08-11'), (N'115', N'ambi-Cherry', N'Harold Crawford', N'25', N'2009-05-11', N'97.5831740105305', N'6', N'1', N'2000-10-18'), (N'116', N'Rambutan', N'Carmen Schmidt', N'18', N'2005-12-06', N'36.3466158366935', N'47', N'1', N'2008-12-17'), (N'117', N'Grape', N'Michael Johnson', N'25', N'2020-01-19', N'941.86388364034', N'8', N'1', N'2018-01-26'), (N'118', N'Grape', N'Lai Suk Yee', N'5', N'2000-07-05', N'75.8132502798632', N'3', N'1', N'2008-12-24'), (N'119', N'ambi-ypple', N'Fujita Sakura', N'7', N'2000-04-20', N'413.102074486719', N'33', N'1', N'2019-10-14'), (N'120', N'Grape', N'Chic Wing Kuen', N'27', N'2006-09-25', N'546.992555130331', N'22', N'1', N'2000-11-18'), (N'121', N'fiwi', N'Hashimoto Hana', N'14', N'2019-05-05', N'770.691790039289', N'43', N'1', N'2003-08-25'), (N'122', N'xlrape', N'Sakurai Kazuma', N'5', N'2016-08-14', N'247.858880991508', N'16', N'1', N'2004-11-01'), (N'123', N'Kawi', N'Tong Cho Yee', N'14', N'2024-02-10', N'211.985533686421', N'17', N'1', N'2014-04-12'), (N'124', N'Pluots', N'Jin Lan', N'5', N'2003-06-18', N'505.268429612831', N'19', N'1', N'2011-01-20'), (N'125', N'ultra-Manno', N'Ding Xiuying', N'4', N'2015-09-05', N'348.051757600839', N'24', N'1', N'2008-11-11'), (N'126', N'Raspberry', N'Saito Yamato', N'8', N'2012-05-04', N'409.153775753907', N'24', N'1', N'2006-10-09'), (N'127', N'Rambutan', N'Ishida Yota', N'15', N'2021-02-22', N'876.796933716316', N'30', N'1', N'2003-04-02'), (N'128', N'ultra-Strawberry', N'Sandra Ferguson', N'1', N'2003-07-16', N'234.479153401006', N'25', N'1', N'2010-02-16'), (N'129', N'Cherry', N'Liao Jiehong', N'28', N'2021-04-22', N'965.930521966412', N'37', N'1', N'2017-03-09'), (N'130', N'omni-sluots', N'Gu Rui', N'22', N'2003-03-22', N'266.738187400392', N'44', N'1', N'2012-12-23'), (N'131', N'Rambuton', N'Fukuda Ayano', N'7', N'2001-11-22', N'845.731442781291', N'4', N'1', N'2000-08-24'), (N'132', N'Mango', N'Kong Shihan', N'13', N'2017-02-04', N'536.614020770744', N'26', N'1', N'2018-10-30'), (N'133', N'Orange', N'Tsang Kwok Ming', N'27', N'2020-01-26', N'397.74261902562', N'43', N'1', N'2011-02-21'), (N'134', N'Strawberry', N'Chang Ling Ling', N'4', N'2016-04-03', N'804.253251076193', N'27', N'1', N'2009-12-06'), (N'135', N'Raspberry', N'Sit On Kay', N'9', N'2022-12-02', N'106.744859616463', N'40', N'1', N'2018-06-15'), (N'136', N'iApple', N'Arai Rin', N'23', N'2013-12-21', N'144.127712709698', N'2', N'1', N'2008-09-14'), (N'137', N'mpple', N'Nakayama Nanami', N'16', N'2000-01-11', N'254.72064046922', N'13', N'1', N'2022-03-08'), (N'138', N'Pluots se', N'Song Anqi', N'21', N'2002-06-28', N'648.897331861867', N'23', N'1', N'2023-01-13'), (N'139', N'Kwwi', N'Iwasaki Misaki', N'7', N'2019-04-30', N'476.676732822376', N'12', N'1', N'2000-07-12'), (N'140', N'Oranae', N'Fang Jialun', N'21', N'2012-04-25', N'529.993731376714', N'25', N'1', N'2010-02-27'), (N'141', N'omni-Kiwi', N'Kathryn Scott', N'23', N'2001-09-08', N'128.371239880582', N'14', N'1', N'2010-02-18'), (N'142', N'iutrawberry', N'Howard Torres', N'4', N'2012-07-17', N'927.028028826439', N'37', N'1', N'2015-11-20'), (N'143', N'Kiwi', N'Thomas Grant', N'16', N'2023-12-07', N'825.110838521738', N'0', N'1', N'2000-08-22'), (N'144', N'Apple', N'Nakayama Takuya', N'5', N'2005-11-09', N'675.935795768246', N'7', N'1', N'2013-12-18'), (N'145', N'Mango', N'Jiang Zhiyuan', N'8', N'2000-02-22', N'567.54077793617', N'17', N'1', N'2017-04-18'), (N'146', N'Raspberry se', N'Gong Anqi', N'16', N'2016-03-15', N'428.075113273525', N'39', N'1', N'2004-03-02'), (N'147', N'ambi-Mango', N'Meng Shihan', N'11', N'2016-07-04', N'18.8154018438541', N'48', N'1', N'2009-06-06'), (N'148', N'Raspberry', N'Cai Rui', N'3', N'2018-11-01', N'508.846928626568', N'34', N'1', N'2021-06-11'), (N'149', N'Orapge premium', N'Ku Wing Fat', N'11', N'2013-12-04', N'991.489939147704', N'45', N'1', N'2007-02-16'), (N'150', N'Rambutan', N'Jennifer Reyes', N'19', N'2007-05-22', N'775.167511947416', N'5', N'1', N'2015-03-27'), (N'151', N'Apple', N'Li Lu', N'16', N'2000-04-22', N'568.00449252303', N'15', N'1', N'2005-11-22'), (N'152', N'Pluats air', N'Carl Hall', N'14', N'2008-10-06', N'287.052190634552', N'11', N'1', N'2017-05-17'), (N'153', N'Rambuean pi', N'Liu Jialun', N'11', N'2004-11-05', N'38.0827214954627', N'43', N'1', N'2001-06-18'), (N'154', N'Apple', N'Stanley Graham', N'20', N'2012-05-26', N'22.2535453575228', N'35', N'1', N'2002-08-10'), (N'155', N'omni-Kiwi', N'Kudo Misaki', N'7', N'2014-03-03', N'177.509420885549', N'38', N'1', N'2023-10-24'), (N'156', N'Apple', N'Hu Lan', N'29', N'2012-10-11', N'17.9886009920527', N'13', N'1', N'2017-11-03'), (N'157', N'xStrawberzy', N'Johnny Stewart', N'17', N'2011-08-05', N'245.262338345937', N'28', N'1', N'2008-01-29'), (N'158', N'therry se', N'Uchida Riku', N'10', N'2000-04-10', N'581.870947428593', N'19', N'1', N'2021-09-08'), (N'159', N'eluots pi', N'Fujita Rena', N'10', N'2012-09-23', N'136.296781537274', N'23', N'1', N'2019-08-07'), (N'160', N'Grape air', N'Carol Gutierrez', N'16', N'2000-04-27', N'42.6083436255428', N'48', N'1', N'2017-01-01'), (N'161', N'Rakbutan', N'Sasaki Aoshi', N'4', N'2021-06-01', N'238.728808785281', N'29', N'1', N'2021-09-15'), (N'162', N'Apple', N'Grace Kennedy', N'2', N'2000-09-21', N'571.142914173201', N'22', N'1', N'2000-07-12'), (N'163', N'Chbrry plus', N'Justin Rogers', N'19', N'2015-04-06', N'909.157425089245', N'6', N'1', N'2011-07-28'), (N'164', N'xzpple', N'Kimberly Taylor', N'21', N'2002-02-23', N'881.803202673027', N'30', N'1', N'2006-09-03'), (N'165', N'xjiwi', N'Jason West', N'26', N'2012-11-03', N'85.0147911814807', N'29', N'1', N'2007-06-17'), (N'166', N'Oranoe', N'Louis Marshall', N'13', N'2000-03-24', N'73.6400377557043', N'7', N'1', N'2008-06-27'), (N'167', N'oherry mini', N'Wayne Soto', N'21', N'2015-03-06', N'93.3062457191976', N'24', N'1', N'2005-03-29'), (N'168', N'omni-Apple', N'Zheng Zhennan', N'3', N'2002-10-06', N'141.26860539393', N'13', N'1', N'2007-01-07'), (N'169', N'Raspberry', N'Zhou Yunxi', N'13', N'2015-03-07', N'592.934375946904', N'20', N'1', N'2012-01-31'), (N'170', N'Raspberry', N'Yin Zhennan', N'22', N'2014-09-22', N'793.128168417936', N'50', N'1', N'2020-11-17'), (N'171', N'Rambutan core', N'Steve Hernandez', N'14', N'2023-08-21', N'282.87620168822', N'39', N'1', N'2012-11-18'), (N'172', N'Pluots', N'Wu Chi Yuen', N'6', N'2001-02-19', N'584.312750231145', N'46', N'1', N'2013-07-01'), (N'173', N'Pluots', N'Kimura Ikki', N'22', N'2001-01-07', N'443.851998953477', N'50', N'1', N'2014-05-07'), (N'174', N'xPjuots', N'Ye Xiuying', N'25', N'2003-12-07', N'675.246661816489', N'17', N'1', N'2011-11-22'), (N'175', N'Orange air', N'Xiong Zitao', N'8', N'2014-04-18', N'365.598866368349', N'34', N'1', N'2017-10-26'), (N'176', N'Pluozs', N'Ruth Long', N'11', N'2023-10-12', N'953.961063452899', N'16', N'1', N'2022-03-25'), (N'177', N'Chefry premium', N'Li Yuning', N'17', N'2007-08-23', N'827.361314658291', N'42', N'1', N'2013-04-10'), (N'178', N'Mango plus', N'Mo Zhennan', N'18', N'2015-12-14', N'436.660825983601', N'44', N'1', N'2003-06-24'), (N'179', N'xRespberry', N'Nakajima Aoi', N'28', N'2016-10-04', N'380.8270292691', N'45', N'1', N'2013-12-30'), (N'180', N'ultra-Kiwi', N'Pauline Crawford', N'25', N'2021-02-04', N'776.312942339248', N'42', N'1', N'2014-07-27'), (N'181', N'Grape', N'Yuan Jialun', N'13', N'2006-06-29', N'510.021444750118', N'18', N'1', N'2004-08-10'), (N'182', N'xytrawberry', N'Lois Wilson', N'28', N'2007-08-20', N'590.036315097035', N'45', N'1', N'2016-08-20'), (N'183', N'ziwi', N'Yuen Fu Shing', N'10', N'2007-09-15', N'782.732877957449', N'0', N'1', N'2005-02-03'), (N'184', N'xGrape', N'Au Lik Sun', N'23', N'2009-04-09', N'237.339415257541', N'6', N'1', N'2000-09-26'), (N'185', N'Mango', N'Takagi Aoshi', N'11', N'2007-01-15', N'360.658212092031', N'15', N'1', N'2022-08-05'), (N'186', N'Kiwi', N'Ma Yunxi', N'16', N'2016-04-09', N'369.000043514695', N'20', N'1', N'2018-08-17'), (N'187', N'iMango', N'Ng Fu Shing', N'4', N'2005-02-08', N'605.945121168418', N'44', N'1', N'2000-06-10'), (N'188', N'Pluets', N'Dai Shihan', N'27', N'2016-07-17', N'565.095914934916', N'12', N'1', N'2013-09-04'), (N'189', N'eiwi', N'Lillian Hall', N'14', N'2002-03-18', N'611.456575245763', N'42', N'1', N'2017-08-27'), (N'190', N'Grape core', N'Kelly Jenkins', N'5', N'2023-01-05', N'337.193381033661', N'13', N'1', N'2005-07-14'), (N'191', N'Apple', N'Kudo Hana', N'18', N'2022-02-18', N'437.697243186654', N'29', N'1', N'2018-11-01'), (N'192', N'Grape', N'Allen Martinez', N'9', N'2021-06-22', N'872.61043185319', N'31', N'1', N'2012-08-12'), (N'193', N'wambutan', N'Sit Wing Suen', N'19', N'2008-12-05', N'200.475971568913', N'5', N'1', N'2006-04-24'), (N'194', N'Cherry', N'Wang Lu', N'25', N'2010-09-21', N'734.797150256841', N'37', N'1', N'2021-07-17'), (N'195', N'Kiwi elite', N'Jeremy Henry', N'21', N'2003-04-25', N'975.564617704405', N'11', N'1', N'2002-10-06'), (N'196', N'Pluots', N'Larry Rogers', N'8', N'2000-01-14', N'383.733276731275', N'49', N'1', N'2023-10-21'), (N'197', N'ultra-Rgspberry', N'Kong Rui', N'8', N'2001-12-25', N'530.584595088748', N'24', N'1', N'2019-10-07'), (N'198', N'Cherry', N'Tang Ching Wan', N'20', N'2006-11-18', N'412.169033893871', N'4', N'1', N'2021-06-21'), (N'199', N'Orange premium', N'Peng Rui', N'11', N'2022-06-23', N'589.764938572954', N'41', N'1', N'2006-06-08'), (N'200', N'Rambugan', N'Kimura Itsuki', N'14', N'2005-08-07', N'762.264677219098', N'14', N'1', N'2001-12-15')
GO

INSERT INTO [dbo].[BaiHat] ([ID], [TenBaiHat], [TenTacGia], [ThoiLuong], [NgaySanXuat], [Gia], [CaSiID], [PhatHanhDia], [NgayRaMat]) VALUES (N'201', N'Orange mini', N'Chen Anqi', N'9', N'2006-03-28', N'82.5257449259363', N'13', N'1', N'2018-09-06'), (N'202', N'xStrawberry', N'Kato Kazuma', N'1', N'2014-05-16', N'902.109950403633', N'32', N'1', N'2014-10-02'), (N'203', N'pherry', N'Scott King', N'27', N'2000-08-24', N'414.819953759713', N'29', N'1', N'2013-01-02'), (N'204', N'Apple se', N'Patricia Mcdonald', N'9', N'2001-01-11', N'328.819479907068', N'22', N'1', N'2010-03-24'), (N'205', N'Orange elite', N'Tao Xiuying', N'10', N'2004-07-10', N'552.107281800288', N'0', N'1', N'2023-10-15'), (N'206', N'Strawberry pro', N'Dong Jialun', N'25', N'2001-02-19', N'373.610888973854', N'39', N'1', N'2019-02-06'), (N'207', N'Pluots', N'Chu Wing Sze', N'20', N'2006-09-06', N'344.873762191652', N'35', N'1', N'2000-07-13'), (N'208', N'Chenry', N'Anita Gibson', N'24', N'2013-07-26', N'194.388979536292', N'19', N'1', N'2020-05-27'), (N'209', N'Cherry pro', N'Janet Collins', N'6', N'2005-08-14', N'212.915964104457', N'14', N'1', N'2020-01-28'), (N'210', N'xiwi pi', N'Cho Kwok Yin', N'27', N'2005-09-12', N'881.041156452096', N'11', N'1', N'2008-06-20'), (N'211', N'Rambutan', N'Taniguchi Akina', N'2', N'2001-07-06', N'312.892775825386', N'36', N'1', N'2015-03-18'), (N'212', N'Klwi', N'Sugawara Mai', N'22', N'2001-04-18', N'91.12969504571', N'9', N'1', N'2011-08-31'), (N'213', N'zluots', N'Anna Cruz', N'12', N'2004-01-07', N'462.253591128824', N'28', N'1', N'2011-10-17'), (N'214', N'Orange mini', N'Shao Rui', N'13', N'2001-10-30', N'729.500242484986', N'24', N'1', N'2006-04-19'), (N'215', N'Rambutan elite', N'Duan Lan', N'22', N'2003-06-27', N'454.576860481225', N'8', N'1', N'2000-11-20'), (N'216', N'Raspberry', N'Theodore Murphy', N'22', N'2006-03-21', N'183.263872162786', N'4', N'1', N'2015-01-23'), (N'217', N'Apple', N'Alfred Olson', N'19', N'2014-02-04', N'629.248207701262', N'23', N'1', N'2003-07-12'), (N'218', N'wherry', N'Tong Wai Lam', N'24', N'2004-12-14', N'232.308623838625', N'10', N'1', N'2015-02-06'), (N'219', N'Kiwi', N'Liu Zhennan', N'14', N'2000-11-28', N'886.679889875274', N'19', N'1', N'2005-01-02'), (N'220', N'xRamxutan', N'Jiang Lan', N'12', N'2018-06-17', N'72.6143629790613', N'39', N'1', N'2007-01-09'), (N'221', N'Mango', N'Chris Gomez', N'21', N'2014-12-05', N'268.248466589232', N'10', N'1', N'2010-01-16'), (N'222', N'xcluots', N'Anthony Baker', N'27', N'2024-02-22', N'802.965880793668', N'19', N'1', N'2011-11-02'), (N'223', N'Apple', N'Qian Shihan', N'1', N'2017-06-08', N'944.656013494357', N'24', N'1', N'2015-08-23'), (N'224', N'xPlgots', N'Ye Rui', N'1', N'2003-04-25', N'990.974316715071', N'8', N'1', N'2005-05-19'), (N'225', N'ambi-Apple', N'Edward Simmons', N'18', N'2012-08-13', N'99.6670043795232', N'48', N'1', N'2019-09-29'), (N'226', N'Mahgo', N'To Wing Suen', N'17', N'2012-07-18', N'463.334217692326', N'18', N'1', N'2011-03-12'), (N'227', N'Cherry elite', N'Li Jialun', N'26', N'2013-06-09', N'129.578662060074', N'36', N'1', N'2016-07-01'), (N'228', N'Chxrry', N'Lei Zitao', N'16', N'2006-07-10', N'710.910023344653', N'37', N'1', N'2010-06-30'), (N'229', N'Grabe', N'Loui Ming', N'22', N'2022-12-22', N'856.342742142204', N'9', N'1', N'2010-09-16'), (N'230', N'dpple', N'Taniguchi Aoi', N'3', N'2010-07-13', N'561.171947197975', N'27', N'1', N'2001-07-12'), (N'231', N'omni-Cherry', N'Kong On Na', N'7', N'2008-09-18', N'299.718347466236', N'29', N'1', N'2018-03-12'), (N'232', N'aherry premium', N'Lu Lu', N'22', N'2013-09-04', N'698.979544637598', N'23', N'1', N'2007-07-10'), (N'233', N'Rambutan mini', N'Han Ka Ling', N'29', N'2024-01-08', N'877.695746345117', N'16', N'1', N'2014-07-19'), (N'234', N'Apple', N'Tamura Hikaru', N'2', N'2019-12-21', N'867.480116979481', N'18', N'1', N'2001-11-28'), (N'235', N'nambutan', N'Chan Wing Kuen', N'18', N'2005-04-04', N'961.710518864985', N'19', N'1', N'2009-05-04'), (N'236', N'Mdngo mini', N'Koon Wai Yee', N'14', N'2013-11-21', N'267.707424435946', N'16', N'1', N'2002-08-07'), (N'237', N'Strawberry', N'Xiang Jiehong', N'18', N'2003-08-07', N'380.432703742352', N'16', N'1', N'2004-05-27'), (N'238', N'iPldots', N'Phillip Stevens', N'6', N'2012-12-24', N'998.294747988574', N'9', N'1', N'2015-02-26'), (N'239', N'Strawberry pro', N'Tin Wing Sze', N'24', N'2001-02-09', N'782.555278819724', N'30', N'1', N'2009-10-05'), (N'240', N'Grape air', N'Yau Chun Yu', N'9', N'2008-09-06', N'848.482422602436', N'25', N'1', N'2014-07-03'), (N'241', N'Mango mini', N'Yu Lan', N'6', N'2017-05-28', N'905.27318826035', N'43', N'1', N'2002-08-04'), (N'242', N'iPluots', N'Ng Sze Kwan', N'16', N'2023-07-01', N'366.284770238264', N'30', N'1', N'2005-10-28'), (N'243', N'Orange', N'Koon Wing Sze', N'22', N'2009-08-01', N'342.501334234534', N'10', N'1', N'2010-10-17'), (N'244', N'ultra-prape', N'Theodore Nichols', N'21', N'2010-02-10', N'323.52530459183', N'12', N'1', N'2009-02-05'), (N'245', N'Raobutan', N'Qin Jialun', N'29', N'2009-06-01', N'101.046287809999', N'41', N'1', N'2004-02-21'), (N'246', N'Raspberry', N'Judith Owens', N'27', N'2011-08-07', N'791.600561231624', N'46', N'1', N'2020-02-27'), (N'247', N'aambutan', N'Wong Ting Fung', N'20', N'2006-10-25', N'121.735833023601', N'13', N'1', N'2014-07-14'), (N'248', N'Apdle', N'Karen Adams', N'27', N'2017-12-18', N'914.071174611721', N'3', N'1', N'2006-06-10'), (N'249', N'prape se', N'Fong Chieh Lun', N'10', N'2003-12-25', N'929.321668086448', N'12', N'1', N'2008-09-30'), (N'250', N'xMango', N'Han Ching Wan', N'11', N'2005-03-16', N'685.074020113561', N'2', N'1', N'2004-01-28'), (N'251', N'Raspberry elite', N'Zeng Xiaoming', N'23', N'2020-04-26', N'326.197731602465', N'35', N'1', N'2003-04-25'), (N'252', N'Plutts air', N'Feng Lu', N'7', N'2014-11-18', N'206.825355749281', N'9', N'1', N'2001-12-30'), (N'253', N'Rambutan', N'Luis Young', N'9', N'2017-08-05', N'876.959580946327', N'18', N'1', N'2008-08-02'), (N'254', N'Raspbezry', N'Wang Yunxi', N'8', N'2022-12-04', N'795.27913471461', N'25', N'1', N'2004-03-10'), (N'255', N'ambi-Strawberry', N'Shi Zhiyuan', N'7', N'2012-11-24', N'200.482839175085', N'43', N'1', N'2017-01-21'), (N'256', N'Strawbergy plus', N'Jin Yunxi', N'11', N'2009-09-22', N'859.813100290761', N'15', N'1', N'2007-09-18'), (N'257', N'Rambutan plus', N'Yang Zhennan', N'12', N'2001-05-15', N'149.048318150939', N'11', N'1', N'2018-09-18'), (N'258', N'Rambitan se', N'Clarence Martin', N'7', N'2015-01-22', N'556.548142486308', N'3', N'1', N'2008-04-26'), (N'259', N'Apple elite', N'Fu Tsz Ching', N'7', N'2010-09-14', N'602.550504169104', N'14', N'1', N'2011-07-21'), (N'260', N'Mango core', N'Qin Yunxi', N'28', N'2011-01-11', N'355.075615057342', N'22', N'1', N'2004-12-29'), (N'261', N'Apple', N'Arthur West', N'7', N'2015-05-29', N'670.521066880218', N'3', N'1', N'2004-04-14'), (N'262', N'ultra-Pluoas', N'Yao Yuning', N'28', N'2022-07-29', N'552.432807016374', N'10', N'1', N'2011-05-10'), (N'263', N'Raspberry', N'Maruyama Ayano', N'6', N'2012-07-16', N'765.643886439744', N'43', N'1', N'2019-03-13'), (N'264', N'Rambutan', N'Yamamoto Hina', N'25', N'2006-07-18', N'517.372438632607', N'41', N'1', N'2011-11-19'), (N'265', N'ftrawberry', N'Aaron Henry', N'18', N'2004-01-12', N'657.314303147986', N'25', N'1', N'2009-10-29'), (N'266', N'Mango mini', N'Ma Yun Fat', N'8', N'2008-07-03', N'292.075281645454', N'15', N'1', N'2010-11-21'), (N'267', N'omni-Raabutan', N'Edith Fisher', N'25', N'2003-05-21', N'659.728949710996', N'28', N'1', N'2016-11-24'), (N'268', N'Rambttan', N'Christina Wright', N'16', N'2017-11-09', N'150.514437846688', N'19', N'1', N'2007-06-08'), (N'269', N'Mango', N'Kong Xiaoming', N'18', N'2022-08-05', N'465.355393955788', N'16', N'1', N'2013-12-21'), (N'270', N'Appfe', N'Abe Yuna', N'7', N'2020-07-11', N'565.519097764478', N'18', N'1', N'2010-07-28'), (N'271', N'Cherry pi', N'William Parker', N'13', N'2024-03-10', N'250.666370847303', N'4', N'1', N'2010-05-17'), (N'272', N'Cherqy mini', N'Tanaka Rena', N'30', N'2015-10-11', N'178.548713110341', N'15', N'1', N'2011-07-19'), (N'273', N'Kiwi elite', N'Sheh Wing Fat', N'7', N'2014-09-30', N'702.411010719551', N'44', N'1', N'2001-12-28'), (N'274', N'jiwi', N'Vincent Hawkins', N'27', N'2011-05-22', N'583.063506750756', N'36', N'1', N'2014-10-08'), (N'275', N'Kiwi se', N'Yu Lan', N'7', N'2011-03-22', N'660.327125862614', N'3', N'1', N'2018-04-03'), (N'276', N'utrawberry', N'Shi Zhennan', N'8', N'2011-01-07', N'34.7863597851672', N'27', N'1', N'2022-08-05'), (N'277', N'Raspberry pi', N'Ota Sara', N'2', N'2023-01-01', N'68.7222461200008', N'37', N'1', N'2011-12-06'), (N'278', N'wrape premium', N'Tao Zitao', N'25', N'2021-03-26', N'788.718483092453', N'18', N'1', N'2009-03-23'), (N'279', N'Orange mini', N'Mok Lai Yan', N'12', N'2003-09-04', N'630.502279536825', N'14', N'1', N'2012-10-28'), (N'280', N'Orange pro', N'Li Xiaoming', N'1', N'2008-08-21', N'824.933990155609', N'32', N'1', N'2020-07-04'), (N'281', N'Appie', N'Otsuka Kazuma', N'3', N'2005-08-20', N'416.305305897543', N'46', N'1', N'2007-01-08'), (N'282', N'Oranbe', N'Ueno Ayano', N'2', N'2022-12-14', N'293.684689261369', N'44', N'1', N'2009-01-19'), (N'283', N'Pluots air', N'Qiu Anqi', N'12', N'2016-06-26', N'918.104711086549', N'35', N'1', N'2000-02-15'), (N'284', N'Rambutan', N'Liu Ziyi', N'21', N'2023-03-18', N'834.351343351362', N'10', N'1', N'2004-04-26'), (N'285', N'Mango', N'Pan Rui', N'22', N'2023-12-09', N'307.01568902685', N'40', N'1', N'2023-03-31'), (N'286', N'Kiwi premium', N'Ding Lan', N'8', N'2003-04-26', N'68.8193140264831', N'19', N'1', N'2006-05-07'), (N'287', N'Raspberry air', N'Hao Yuning', N'1', N'2022-01-31', N'638.421160695578', N'50', N'1', N'2010-12-29'), (N'288', N'ambi-Grape', N'Arimura Seiko', N'6', N'2019-10-28', N'512.017861468466', N'26', N'1', N'2017-12-07'), (N'289', N'iApple', N'Murakami Ayano', N'22', N'2016-04-03', N'213.181828773509', N'22', N'1', N'2022-11-03'), (N'290', N'omni-Kiwi', N'Takeda Hana', N'4', N'2001-06-27', N'370.724855276462', N'23', N'1', N'2012-09-28'), (N'291', N'Raspberry plus', N'Sheila Salazar', N'5', N'2017-09-06', N'539.744664759087', N'29', N'1', N'2019-01-26'), (N'292', N'xpple', N'Fu Lik Sun', N'6', N'2010-11-29', N'336.399343490316', N'32', N'1', N'2005-07-30'), (N'293', N'Cherry', N'Lee Wai Yee', N'16', N'2005-07-28', N'57.68464786775', N'30', N'1', N'2020-07-09'), (N'294', N'Cherry', N'Lam Wing Sze', N'14', N'2000-08-29', N'138.56339727757', N'41', N'1', N'2015-11-01'), (N'295', N'Raspaerry', N'Gu Lu', N'2', N'2010-07-25', N'115.123718303563', N'22', N'1', N'2013-05-08'), (N'296', N'Strawbdrry plus', N'Kudo Aoi', N'5', N'2006-08-12', N'679.97494563421', N'33', N'1', N'2011-09-01'), (N'297', N'Ramyutan', N'Mui Wing Kuen', N'0', N'2021-09-11', N'232.363379667594', N'10', N'1', N'2023-02-23'), (N'298', N'Apple', N'Yamamoto Mai', N'1', N'2019-12-15', N'88.023670788395', N'42', N'1', N'2012-11-06'), (N'299', N'Orange premium', N'Inoue Ryota', N'17', N'2008-05-05', N'426.901924929092', N'15', N'1', N'2019-07-06'), (N'300', N'Ktwi', N'Deng Jialun', N'30', N'2006-04-07', N'64.3478147650081', N'43', N'1', N'2002-06-30')
GO

INSERT INTO [dbo].[BaiHat] ([ID], [TenBaiHat], [TenTacGia], [ThoiLuong], [NgaySanXuat], [Gia], [CaSiID], [PhatHanhDia], [NgayRaMat]) VALUES (N'301', N'Rambutdn', N'Ono Mai', N'5', N'2015-10-30', N'144.926941113994', N'6', N'1', N'2010-03-25'), (N'302', N'Pluots elite', N'Yoshida Daichi', N'9', N'2013-10-17', N'663.886815564101', N'46', N'1', N'2008-05-02'), (N'303', N'Otange', N'Henry Reyes', N'3', N'2013-10-17', N'606.308088719313', N'21', N'1', N'2022-08-19'), (N'304', N'Raspberyy air', N'Janice Crawford', N'12', N'2015-07-01', N'392.784116652199', N'8', N'1', N'2005-12-30'), (N'305', N'Apble elite', N'Zou Zhennan', N'26', N'2007-09-18', N'365.646347686761', N'2', N'1', N'2011-05-03'), (N'306', N'Kiwi se', N'Sun Xiuying', N'24', N'2014-08-10', N'919.046549049826', N'50', N'1', N'2002-04-19'), (N'307', N'Kiyi mini', N'Goto Ayano', N'30', N'2001-10-26', N'572.302589678467', N'7', N'1', N'2020-06-08'), (N'308', N'omni-Strawberry', N'Sasaki Akina', N'17', N'2022-04-16', N'145.00616358889', N'24', N'1', N'2008-04-03'), (N'309', N'omni-Strawbeary', N'Matsui Hana', N'19', N'2020-02-01', N'287.128582966092', N'34', N'1', N'2009-01-12'), (N'310', N'Sqrawberry pi', N'Joshua Morales', N'5', N'2010-10-15', N'582.675724133658', N'42', N'1', N'2008-03-14'), (N'311', N'Kiwi pi', N'Kono Momoe', N'15', N'2009-09-20', N'450.714182289722', N'33', N'1', N'2009-02-20'), (N'312', N'Rambutan', N'Matsumoto Rena', N'24', N'2004-10-14', N'345.034660713546', N'16', N'1', N'2012-08-13'), (N'313', N'Appee', N'Wang Yuning', N'28', N'2014-08-30', N'222.579593011788', N'41', N'1', N'2009-03-21'), (N'314', N'Pluets', N'Aoki Akina', N'21', N'2014-08-04', N'724.988147737353', N'27', N'1', N'2021-04-14'), (N'315', N'ambi-Mango', N'Martha Hicks', N'26', N'2024-04-01', N'6.14811093200632', N'8', N'1', N'2021-07-31'), (N'316', N'xGrape', N'Wei Zitao', N'29', N'2016-03-27', N'542.17081513352', N'46', N'1', N'2014-12-09'), (N'317', N'Kqwi plus', N'Alfred Marshall', N'26', N'2010-12-05', N'708.176042340395', N'46', N'1', N'2002-01-05'), (N'318', N'xOranle', N'Chung Chi Ming', N'21', N'2002-01-21', N'474.080145505244', N'6', N'1', N'2016-09-07'), (N'319', N'Plults', N'Suzuki Kaito', N'14', N'2014-04-16', N'490.194810337254', N'42', N'1', N'2019-01-21'), (N'320', N'Orange pi', N'Maeda Hina', N'10', N'2005-09-24', N'868.688999419473', N'6', N'1', N'2016-06-06'), (N'321', N'Strauberry', N'Wu Rui', N'5', N'2001-08-15', N'577.655631012665', N'36', N'1', N'2001-08-15'), (N'322', N'Raspborry', N'Yan Ziyi', N'25', N'2004-10-14', N'284.7059642473', N'48', N'1', N'2009-03-11'), (N'323', N'Mango', N'Wada Airi', N'2', N'2009-12-21', N'43.2632275364355', N'9', N'1', N'2001-02-06'), (N'324', N'Orange', N'Janice Foster', N'19', N'2018-08-31', N'396.074257627011', N'44', N'1', N'2017-10-16'), (N'325', N'mherry', N'Fu Zhiyuan', N'24', N'2014-09-22', N'820.11849592597', N'23', N'1', N'2000-10-09'), (N'326', N'omni-Kiwi', N'Wang Xiaoming', N'0', N'2007-10-15', N'994.499602613088', N'0', N'1', N'2010-03-26'), (N'327', N'Orange', N'Yao Xiaoming', N'11', N'2012-01-28', N'86.3955782697264', N'30', N'1', N'2007-12-10'), (N'328', N'Pllots', N'Takagi Sakura', N'7', N'2023-12-27', N'120.992413829632', N'25', N'1', N'2009-05-08'), (N'329', N'Rambuten', N'Yam Sze Yu', N'19', N'2012-10-06', N'374.380540941701', N'4', N'1', N'2011-08-14'), (N'330', N'fiwi', N'Ying Ling Ling', N'3', N'2017-06-14', N'37.6477501439782', N'41', N'1', N'2005-10-29'), (N'331', N'Plupts pi', N'Xiong Jiehong', N'4', N'2010-01-25', N'3.34622440649511', N'44', N'1', N'2000-08-25'), (N'332', N'Rambmtan se', N'Ding Ziyi', N'19', N'2015-10-27', N'764.487459100468', N'31', N'1', N'2023-07-22'), (N'333', N'xManao', N'Laura Wells', N'7', N'2016-01-02', N'467.869615394686', N'29', N'1', N'2012-01-04'), (N'334', N'Apple', N'Tony Reyes', N'3', N'2022-07-25', N'472.283370128879', N'36', N'1', N'2005-02-07'), (N'335', N'kiwi se', N'Xia Yuning', N'25', N'2014-08-27', N'502.36336032903', N'12', N'1', N'2017-12-28'), (N'336', N'Psuots air', N'Nakajima Minato', N'1', N'2010-10-11', N'726.44904453513', N'3', N'1', N'2015-07-03'), (N'337', N'ambi-Oranze', N'Lok Ching Wan', N'8', N'2010-12-22', N'689.447854133628', N'7', N'1', N'2009-04-10'), (N'338', N'Cherry core', N'Tong Wai Han', N'22', N'2017-11-29', N'173.907946017293', N'21', N'1', N'2001-06-01'), (N'339', N'Strawbeory core', N'Gu Yuning', N'1', N'2005-04-08', N'376.683539884765', N'26', N'1', N'2012-03-26'), (N'340', N'Mxngo mini', N'Wu Jialun', N'4', N'2001-05-05', N'800.183690292368', N'21', N'1', N'2000-02-13'), (N'341', N'dtrawberry premium', N'Tsang Chung Yin', N'27', N'2017-01-13', N'946.333534722458', N'39', N'1', N'2008-01-12'), (N'342', N'Grape', N'Danielle Kelley', N'10', N'2013-12-29', N'65.7793108505842', N'46', N'1', N'2012-12-18'), (N'343', N'Kiwi air', N'Alfred Morgan', N'26', N'2016-09-06', N'377.578572955187', N'21', N'1', N'2007-12-16'), (N'344', N'Grape', N'Tin Kwok Yin', N'13', N'2014-07-02', N'49.048204790426', N'35', N'1', N'2023-09-01'), (N'345', N'xRaspberry', N'Cheung Fu Shing', N'11', N'2002-06-04', N'664.336057890924', N'18', N'1', N'2009-03-20'), (N'346', N'Pluots elite', N'Xiong Jiehong', N'8', N'2020-01-11', N'814.899912392178', N'7', N'1', N'2012-04-03'), (N'347', N'therry', N'Lo Wai Yee', N'22', N'2022-02-01', N'966.949633540754', N'34', N'1', N'2019-04-21'), (N'348', N'miwi air', N'Clara Cole', N'26', N'2016-03-21', N'230.442849774111', N'28', N'1', N'2024-01-22'), (N'349', N'xrape', N'Fan Shihan', N'17', N'2002-05-09', N'353.071054430168', N'50', N'1', N'2005-06-09'), (N'350', N'lrange', N'Deborah Garza', N'30', N'2007-04-26', N'979.348479620368', N'34', N'1', N'2005-01-23'), (N'351', N'Cherry air', N'Jiang Shihan', N'26', N'2005-02-02', N'958.984373464098', N'32', N'1', N'2007-05-30'), (N'352', N'gluots', N'Saito Takuya', N'15', N'2013-03-31', N'767.470198049681', N'46', N'1', N'2016-04-17'), (N'353', N'xOrange', N'Gao Ziyi', N'16', N'2007-08-18', N'598.688833770048', N'2', N'1', N'2009-06-14'), (N'354', N'Mango elite', N'Ku On Na', N'3', N'2000-01-20', N'34.9410781770868', N'33', N'1', N'2021-11-22'), (N'355', N'frape', N'Ono Misaki', N'20', N'2009-09-02', N'816.222364999674', N'7', N'1', N'2003-12-31'), (N'356', N'Apple', N'Jean Gordon', N'17', N'2012-03-30', N'238.979135341303', N'13', N'1', N'2014-01-28'), (N'357', N'Strawberry pro', N'Gong Jiehong', N'4', N'2000-07-24', N'94.8526659618469', N'38', N'1', N'2008-05-28'), (N'358', N'Orange', N'Maruyama Ren', N'22', N'2010-10-03', N'572.211162164761', N'3', N'1', N'2017-03-23'), (N'359', N'Raspberry', N'Shi Zitao', N'2', N'2019-11-06', N'662.656189730657', N'42', N'1', N'2004-03-08'), (N'360', N'Raspberry', N'Ying Kwok Yin', N'12', N'2014-07-06', N'902.266802034715', N'16', N'1', N'2006-04-20'), (N'361', N'Orange elite', N'Ma Ka Fai', N'7', N'2008-04-25', N'278.368280001724', N'40', N'1', N'2023-01-21'), (N'362', N'iiwi', N'Ti Hiu Tung', N'13', N'2014-04-06', N'143.130247797072', N'34', N'1', N'2021-09-17'), (N'363', N'Raapberry premium', N'Lui Wai Man', N'16', N'2016-02-23', N'257.820392073122', N'30', N'1', N'2013-03-29'), (N'364', N'iOiange', N'Nakamura Sakura', N'1', N'2022-05-09', N'648.002207418987', N'33', N'1', N'2013-12-01'), (N'365', N'ambi-Orange', N'Pak Sai Wing', N'30', N'2000-04-11', N'234.171442278302', N'45', N'1', N'2022-12-28'), (N'366', N'nango', N'Virginia Hunter', N'23', N'2014-01-27', N'446.090490180068', N'31', N'1', N'2016-12-22'), (N'367', N'iaspberry premium', N'Shing Ling Ling', N'14', N'2012-05-17', N'542.068848851466', N'34', N'1', N'2007-10-29'), (N'368', N'Orange', N'Carl Silva', N'24', N'2007-06-16', N'520.932712326281', N'44', N'1', N'2021-02-04'), (N'369', N'Raspbepry premium', N'Jiang Yuning', N'11', N'2007-08-01', N'420.393790370581', N'19', N'1', N'2005-11-11'), (N'370', N'iKiwi', N'Curtis Palmer', N'12', N'2016-10-12', N'701.50024304213', N'33', N'1', N'2006-07-19'), (N'371', N'Grape', N'Florence Jordan', N'24', N'2000-09-29', N'331.32705091205', N'28', N'1', N'2007-02-04'), (N'372', N'Grape', N'Lok Lik Sun', N'26', N'2013-04-27', N'34.7182310587573', N'46', N'1', N'2020-04-15'), (N'373', N'iStrawberry', N'Chu Siu Wai', N'29', N'2008-08-07', N'842.538294701256', N'42', N'1', N'2017-04-05'), (N'374', N'Raspberry', N'Cao Zhiyuan', N'14', N'2003-09-14', N'228.636043998598', N'38', N'1', N'2000-06-20'), (N'375', N'Manjo', N'Zou Anqi', N'9', N'2002-05-13', N'318.054521858806', N'9', N'1', N'2003-06-02'), (N'376', N'Mango pro', N'Takada Sara', N'14', N'2006-04-18', N'612.658130875425', N'26', N'1', N'2009-11-15'), (N'377', N'Apple', N'Fan Ziyi', N'2', N'2018-05-11', N'741.153800957259', N'16', N'1', N'2023-05-26'), (N'378', N'Raspberry', N'Lai Fu Shing', N'30', N'2020-07-19', N'22.7775988169435', N'18', N'1', N'2003-03-21'), (N'379', N'Raspoerry mini', N'Alice Diaz', N'19', N'2022-05-23', N'845.557489542285', N'11', N'1', N'2023-08-08'), (N'380', N'Manfo mini', N'Wu Wai Lam', N'15', N'2004-06-26', N'764.752597731635', N'8', N'1', N'2023-03-28'), (N'381', N'Kiwi', N'Liu Xiaoming', N'8', N'2010-03-01', N'727.003646495519', N'14', N'1', N'2001-08-03'), (N'382', N'Cherry', N'Kobayashi Yuto', N'15', N'2000-07-18', N'703.808766973395', N'16', N'1', N'2020-06-14'), (N'383', N'omni-Cheqry', N'Tam Yun Fat', N'18', N'2013-04-04', N'977.73401137547', N'35', N'1', N'2006-09-21'), (N'384', N'Grape', N'Frank Young', N'29', N'2002-08-17', N'662.731876296484', N'16', N'1', N'2018-10-15'), (N'385', N'Rambutan', N'Inoue Momoe', N'12', N'2006-10-31', N'72.0019048640098', N'30', N'1', N'2010-05-25'), (N'386', N'Cherry', N'Sugawara Daichi', N'8', N'2000-06-12', N'740.997916113169', N'38', N'1', N'2011-12-01'), (N'387', N'Oravge core', N'Tam Ka Keung', N'24', N'2013-04-22', N'321.17652783555', N'11', N'1', N'2022-10-05'), (N'388', N'riwi pi', N'Fu Ziyi', N'5', N'2016-08-28', N'164.310863913688', N'10', N'1', N'2007-10-12'), (N'389', N'Raspbejry core', N'Wong Ka Fai', N'16', N'2002-11-07', N'136.800763293135', N'12', N'1', N'2004-07-02'), (N'390', N'ultra-Rambutan', N'Kwan Wai Man', N'26', N'2017-02-12', N'677.127781141797', N'4', N'1', N'2007-09-25'), (N'391', N'Rambutan se', N'Li Zitao', N'22', N'2007-12-24', N'441.74983019563', N'20', N'1', N'2015-11-10'), (N'392', N'Cherry elite', N'Jiang Xiuying', N'12', N'2021-02-06', N'301.740307850415', N'6', N'1', N'2016-11-25'), (N'393', N'Grape', N'Craig Gray', N'21', N'2022-05-29', N'220.705497681847', N'43', N'1', N'2013-07-31'), (N'394', N'Apple core', N'Man Wai Man', N'11', N'2005-01-20', N'494.409139140389', N'18', N'1', N'2023-10-30'), (N'395', N'xluots core', N'Siu Wing Fat', N'8', N'2002-09-09', N'620.836019498301', N'7', N'1', N'2005-09-13'), (N'396', N'Mango', N'Meng Wai San', N'28', N'2021-07-30', N'500.079290705293', N'29', N'1', N'2014-03-31'), (N'397', N'arape', N'Willie Parker', N'19', N'2018-06-11', N'535.805393371743', N'21', N'1', N'2003-09-17'), (N'398', N'Mkngo', N'Herbert Phillips', N'1', N'2007-03-30', N'408.247783458406', N'0', N'1', N'2002-06-12'), (N'399', N'Cherry', N'Rhonda Long', N'20', N'2000-02-16', N'464.930572757738', N'11', N'1', N'2019-05-25'), (N'400', N'ultra-Cherzy', N'Ye Zhennan', N'11', N'2003-12-06', N'327.682823799181', N'45', N'1', N'2002-06-17')
GO

INSERT INTO [dbo].[BaiHat] ([ID], [TenBaiHat], [TenTacGia], [ThoiLuong], [NgaySanXuat], [Gia], [CaSiID], [PhatHanhDia], [NgayRaMat]) VALUES (N'401', N'ultra-Mlngo', N'Sato Ayato', N'20', N'2005-07-10', N'991.017436546566', N'13', N'1', N'2021-10-07'), (N'402', N'Apple', N'Lam Ka Fai', N'3', N'2005-06-04', N'623.969329035494', N'9', N'1', N'2002-06-08'), (N'403', N'dherry pro', N'Yeung Tsz Hin', N'28', N'2000-01-08', N'657.459754112268', N'8', N'1', N'2009-04-16'), (N'404', N'mluots plus', N'Arthur Morris', N'24', N'2020-12-13', N'837.943345222863', N'12', N'1', N'2003-02-16'), (N'405', N'Cherry', N'Takeda Hazuki', N'29', N'2023-10-04', N'847.227524219088', N'37', N'1', N'2008-07-11'), (N'406', N'Mango', N'Melissa Daniels', N'29', N'2013-04-04', N'34.1156605242578', N'48', N'1', N'2013-06-14'), (N'407', N'kiwi', N'Hazel Williams', N'25', N'2002-10-10', N'919.443598384574', N'33', N'1', N'2001-10-01'), (N'408', N'Grape', N'Hsuan Fu Shing', N'22', N'2000-06-13', N'645.498659810335', N'32', N'1', N'2019-09-09'), (N'409', N'zango plus', N'Ruby Morris', N'29', N'2024-01-20', N'970.850648507025', N'32', N'1', N'2023-08-18'), (N'410', N'Rambutan elite', N'Tsang Hok Yau', N'5', N'2016-09-14', N'38.9696456895139', N'15', N'1', N'2021-05-10'), (N'411', N'Plgots', N'Sasaki Rin', N'20', N'2016-04-12', N'201.309318308045', N'47', N'1', N'2019-07-01'), (N'412', N'omni-Rambutan', N'Sun Shihan', N'21', N'2022-10-13', N'532.133047502665', N'15', N'1', N'2008-01-01'), (N'413', N'ultra-Orakge', N'Fong Wing Fat', N'9', N'2010-09-25', N'845.390579312995', N'26', N'1', N'2007-04-02'), (N'414', N'Kiwi', N'Gregory Wood', N'27', N'2012-11-28', N'737.488595529298', N'29', N'1', N'2014-12-02'), (N'415', N'Rambutan', N'Hayashi Rin', N'19', N'2018-11-19', N'670.333190835298', N'37', N'1', N'2015-06-19'), (N'416', N'Rambutan pro', N'Alan Hicks', N'17', N'2011-11-11', N'461.835869705708', N'23', N'1', N'2004-06-17'), (N'417', N'omni-Cmerry', N'Siu Wai Yee', N'0', N'2019-10-23', N'273.103572442365', N'39', N'1', N'2017-09-02'), (N'418', N'orape', N'Crystal West', N'2', N'2002-10-15', N'117.088661952375', N'41', N'1', N'2004-02-19'), (N'419', N'srange', N'Liu Jialun', N'17', N'2020-04-05', N'822.254556745952', N'3', N'1', N'2000-03-10'), (N'420', N'Ramgutan', N'Otsuka Rin', N'25', N'2018-09-10', N'457.21354042696', N'45', N'1', N'2021-03-16'), (N'421', N'Plkots elite', N'Shen Zitao', N'5', N'2018-03-03', N'542.696106096453', N'33', N'1', N'2005-11-16'), (N'422', N'krange pi', N'Hui Chi Yuen', N'26', N'2016-03-11', N'739.157162333531', N'46', N'1', N'2019-03-24'), (N'423', N'Strawberry se', N'Kong Zhiyuan', N'29', N'2015-11-29', N'446.081131006777', N'19', N'1', N'2002-10-06'), (N'424', N'iMango', N'Mak Kwok Ming', N'2', N'2006-01-03', N'713.124711027819', N'4', N'1', N'2002-09-03'), (N'425', N'Kiwi', N'Li Shihan', N'9', N'2010-10-01', N'399.32663924984', N'22', N'1', N'2004-02-22'), (N'426', N'aambutan plus', N'Maeda Hana', N'3', N'2019-05-24', N'480.227586978492', N'49', N'1', N'2015-01-16'), (N'427', N'Raibutan', N'Yuen Wing Sze', N'8', N'2012-01-13', N'274.70987275124', N'14', N'1', N'2013-12-04'), (N'428', N'ziwi premium', N'Dawn Gordon', N'20', N'2005-07-30', N'19.8679502321506', N'25', N'1', N'2022-08-23'), (N'429', N'Rambutan plus', N'Ren Ziyi', N'21', N'2000-06-07', N'20.0187577142006', N'18', N'1', N'2019-08-31'), (N'430', N'Grape plus', N'Heung Ming Sze', N'11', N'2007-01-25', N'92.3067432588839', N'19', N'1', N'2021-11-28'), (N'431', N'Rambutfn elite', N'Hui Tin Lok', N'23', N'2000-06-09', N'694.848131468743', N'40', N'1', N'2009-02-17'), (N'432', N'yluots', N'Nakayama Seiko', N'6', N'2004-08-31', N'553.330016452855', N'42', N'1', N'2013-10-29'), (N'433', N'qambutan', N'Lu Xiuying', N'17', N'2021-05-27', N'714.672982110878', N'12', N'1', N'2023-12-07'), (N'434', N'Msngo plus', N'Nakano Mai', N'1', N'2002-03-05', N'72.5535832770297', N'48', N'1', N'2002-02-07'), (N'435', N'Raspbehry', N'Kudo Mitsuki', N'26', N'2004-04-20', N'756.746425007261', N'25', N'1', N'2013-06-25'), (N'436', N'Orange', N'Tin On Na', N'23', N'2013-05-27', N'239.53759316615', N'33', N'1', N'2013-04-23'), (N'437', N'zambutan', N'Shao Zhennan', N'22', N'2011-02-10', N'419.390176863066', N'39', N'1', N'2020-06-01'), (N'438', N'Strywberry', N'Liu Anqi', N'22', N'2013-08-05', N'257.164283707509', N'46', N'1', N'2007-02-11'), (N'439', N'Rasdberry', N'Yam Sze Yu', N'3', N'2003-11-19', N'390.863362910055', N'18', N'1', N'2008-08-15'), (N'440', N'Kiwi', N'Han Wai Man', N'28', N'2001-01-14', N'88.4332756346122', N'47', N'1', N'2018-11-08'), (N'441', N'kango', N'Edwin Alvarez', N'14', N'2023-09-15', N'432.447606641237', N'42', N'1', N'2008-12-02'), (N'442', N'Oravge plus', N'Abe Kasumi', N'7', N'2005-04-15', N'85.7917788626385', N'36', N'1', N'2022-08-19'), (N'443', N'Mango pro', N'Helen Herrera', N'1', N'2007-06-12', N'784.214061291534', N'4', N'1', N'2009-02-09'), (N'444', N'Strawberry plus', N'Cheng Jiehong', N'21', N'2008-04-25', N'616.790838147451', N'27', N'1', N'2007-08-01'), (N'445', N'ambi-Raspberry', N'Yamamoto Miu', N'23', N'2002-05-08', N'13.4251437080376', N'33', N'1', N'2015-08-06'), (N'446', N'omni-Orange', N'Ren Yuning', N'22', N'2004-04-22', N'436.435420924076', N'31', N'1', N'2008-03-06'), (N'447', N'Stragberry', N'Mao Anqi', N'20', N'2015-02-19', N'212.017181662246', N'24', N'1', N'2002-02-11'), (N'448', N'fherry', N'Lau Chi Yuen', N'2', N'2009-06-03', N'990.523510117815', N'33', N'1', N'2002-06-28'), (N'449', N'Rambutan', N'Wong Wai Man', N'26', N'2012-09-26', N'484.840513892451', N'41', N'1', N'2002-06-04'), (N'450', N'Apple', N'Nicole Johnson', N'10', N'2007-11-12', N'479.41848172253', N'41', N'1', N'2014-02-22'), (N'451', N'Ptuots', N'Inoue Sakura', N'30', N'2010-03-06', N'317.033828117531', N'40', N'1', N'2019-03-07'), (N'452', N'Raspberry elite', N'Fukuda Hikaru', N'0', N'2019-08-15', N'687.057634643705', N'12', N'1', N'2011-02-06'), (N'453', N'Mango', N'Andrea Jordan', N'20', N'2005-06-14', N'919.743518041243', N'34', N'1', N'2015-07-27'), (N'454', N'oaspberry pi', N'Eric Mason', N'17', N'2016-03-17', N'567.584145111785', N'31', N'1', N'2002-11-29'), (N'455', N'utrawberry', N'Yoshida Ren', N'11', N'2021-05-13', N'745.529881517183', N'28', N'1', N'2024-03-01'), (N'456', N'xPluots', N'Cheng Lan', N'9', N'2003-11-13', N'324.561551122784', N'1', N'1', N'2017-03-02'), (N'457', N'Cherry se', N'Hao Lu', N'19', N'2016-02-07', N'615.371727048817', N'48', N'1', N'2010-10-18'), (N'458', N'Orrnge', N'Aaron Daniels', N'27', N'2012-12-25', N'312.577669514575', N'32', N'1', N'2000-05-04'), (N'459', N'Strawberny pro', N'Sakai Ren', N'18', N'2022-12-15', N'14.7412624355294', N'42', N'1', N'2011-01-25'), (N'460', N'Grape mini', N'Miyazaki Kasumi', N'23', N'2022-09-30', N'388.977270725615', N'27', N'1', N'2022-11-07'), (N'461', N'Orange plus', N'Tam Wai Man', N'5', N'2019-02-09', N'113.750480645079', N'43', N'1', N'2001-03-07'), (N'462', N'Apple', N'Xiong Jialun', N'19', N'2000-11-12', N'859.359296989238', N'40', N'1', N'2005-07-27'), (N'463', N'Rambutan', N'To Ho Yin', N'27', N'2004-06-01', N'768.136038472888', N'28', N'1', N'2017-08-29'), (N'464', N'Kioi elite', N'Lai Chung Yin', N'17', N'2005-10-20', N'787.185752659018', N'19', N'1', N'2020-01-19'), (N'465', N'Raspberry se', N'Gladys Butler', N'20', N'2002-09-17', N'574.966749429157', N'27', N'1', N'2023-09-28'), (N'466', N'Apple', N'Mok Wai Han', N'1', N'2021-12-04', N'379.456120608903', N'11', N'1', N'2008-01-30'), (N'467', N'Rambutan', N'Sato Takuya', N'20', N'2017-02-18', N'963.795389325913', N'26', N'1', N'2001-09-04'), (N'468', N'Rambutan', N'Louis Morris', N'26', N'2009-08-13', N'271.533892166631', N'36', N'1', N'2005-04-23'), (N'469', N'Manmo', N'Fu Wai Man', N'21', N'2021-10-08', N'282.112933927083', N'21', N'1', N'2002-05-12'), (N'470', N'Orange', N'Murata Itsuki', N'27', N'2021-04-25', N'222.812691205116', N'3', N'1', N'2007-05-16'), (N'471', N'Rambatan', N'Don Washington', N'11', N'2018-12-14', N'313.527748567781', N'49', N'1', N'2010-08-17'), (N'472', N'Kvwi', N'Yamamoto Ayano', N'17', N'2024-02-05', N'553.534180918489', N'19', N'1', N'2003-01-06'), (N'473', N'Orange', N'Tang Jialun', N'6', N'2007-06-21', N'256.760456638841', N'9', N'1', N'2010-07-12'), (N'474', N'Apble', N'Qiu Jialun', N'11', N'2004-10-11', N'512.936758885896', N'7', N'1', N'2000-07-07'), (N'475', N'vrape', N'Ito Daisuke', N'20', N'2020-09-03', N'985.155105527864', N'34', N'1', N'2023-03-27'), (N'476', N'Mango mini', N'Josephine Sanders', N'21', N'2013-02-28', N'814.746946123285', N'5', N'1', N'2005-04-07'), (N'477', N'lrape', N'Tanaka Hana', N'22', N'2021-12-14', N'671.195061532977', N'14', N'1', N'2004-07-05'), (N'478', N'Apmle', N'Mo Wing Sze', N'28', N'2023-06-20', N'539.835675807331', N'31', N'1', N'2000-10-18'), (N'479', N'Mango air', N'Ma Jialun', N'17', N'2008-02-23', N'713.79725294095', N'26', N'1', N'2005-03-12'), (N'480', N'Strawberry', N'Hara Kaito', N'1', N'2015-06-08', N'702.790190613454', N'21', N'1', N'2000-04-28'), (N'481', N'Grape pi', N'Mo Zhennan', N'16', N'2006-06-26', N'848.723798162236', N'11', N'1', N'2004-07-27'), (N'482', N'iGrape', N'Denise Olson', N'2', N'2023-09-23', N'75.8192726061924', N'10', N'1', N'2013-05-09'), (N'483', N'Raspbarry core', N'Stephanie Nelson', N'30', N'2008-08-20', N'834.123941893918', N'45', N'1', N'2004-10-12'), (N'484', N'Oyange', N'Luo Xiuying', N'24', N'2024-01-23', N'964.578299541111', N'4', N'1', N'2010-10-24'), (N'485', N'omni-Orjnge', N'Ren Rui', N'10', N'2011-01-12', N'794.905413748643', N'46', N'1', N'2007-06-03'), (N'486', N'Raspberry mini', N'Meng Ching Wan', N'12', N'2012-10-19', N'200.166123471693', N'5', N'1', N'2010-08-14'), (N'487', N'pherry', N'Jacob Fernandez', N'17', N'2021-12-14', N'432.890077476736', N'39', N'1', N'2000-07-09'), (N'488', N'Ragbutan', N'Nakano Kazuma', N'28', N'2012-03-12', N'635.477038372772', N'44', N'1', N'2011-10-16'), (N'489', N'Graae', N'Luis Cole', N'1', N'2018-11-02', N'697.387033349852', N'24', N'1', N'2013-01-20'), (N'490', N'Pluots se', N'Tang Sze Yu', N'22', N'2021-11-14', N'823.789018934196', N'21', N'1', N'2005-08-21'), (N'491', N'Rambutmn', N'Betty West', N'1', N'2012-07-07', N'616.175396414155', N'48', N'1', N'2007-05-01'), (N'492', N'Kiei', N'Ray Sanchez', N'4', N'2003-01-25', N'68.6819958183141', N'10', N'1', N'2003-03-13'), (N'493', N'mherry pi', N'Miyamoto Yuto', N'4', N'2002-03-21', N'631.399625666756', N'26', N'1', N'2007-10-30'), (N'494', N'Kiwi', N'Loui Hok Yau', N'21', N'2004-06-24', N'84.3923912230062', N'39', N'1', N'2009-02-10'), (N'495', N'ultra-Strawberry', N'Xu Xiaoming', N'12', N'2011-06-04', N'518.275306600186', N'35', N'1', N'2020-03-03'), (N'496', N'Apple elite', N'Susan Aguilar', N'27', N'2000-11-24', N'960.30066186048', N'3', N'1', N'2005-09-06'), (N'497', N'Orange plus', N'To Lik Sun', N'25', N'2021-03-07', N'905.098508375492', N'24', N'1', N'2002-01-25'), (N'498', N'Kiwi', N'Tam Ho Yin', N'18', N'2021-04-13', N'378.733655521323', N'36', N'1', N'2001-05-07'), (N'499', N'Kiwi premium', N'Yin Rui', N'19', N'2012-01-26', N'756.545280986482', N'21', N'1', N'2017-06-13'), (N'500', N'iaspberry', N'Lo Ho Yin', N'19', N'2017-02-14', N'370.175238547023', N'37', N'1', N'2002-03-12')
GO

INSERT INTO [dbo].[BaiHat] ([ID], [TenBaiHat], [TenTacGia], [ThoiLuong], [NgaySanXuat], [Gia], [CaSiID], [PhatHanhDia], [NgayRaMat]) VALUES (N'501', N'omni-Kiwi', N'Fong Wing Suen', N'13', N'2010-08-15', N'465.944559278519', N'40', N'1', N'2014-01-03'), (N'502', N'Orange', N'Elaine Scott', N'6', N'2016-09-05', N'444.8910143119', N'35', N'1', N'2009-05-24'), (N'503', N'Strawberry', N'Du Anqi', N'19', N'2013-08-30', N'783.750814254615', N'45', N'1', N'2001-07-19'), (N'504', N'Kiwi mini', N'Dong Rui', N'15', N'2012-01-13', N'364.018726667575', N'4', N'1', N'2004-01-09'), (N'505', N'Oaange core', N'Ishii Aoi', N'17', N'2002-02-01', N'715.535384743254', N'16', N'1', N'2017-07-17'), (N'506', N'Mango', N'Yu Yunxi', N'3', N'2016-05-22', N'605.57860473813', N'2', N'1', N'2015-11-18'), (N'507', N'Mango', N'Liao Wing Sze', N'5', N'2005-01-12', N'895.18934310729', N'35', N'1', N'2013-09-23'), (N'508', N'eiwi', N'Yin Lu', N'29', N'2012-11-18', N'397.297424719798', N'41', N'1', N'2006-01-01'), (N'509', N'Strawberry', N'Xia Xiuying', N'5', N'2009-03-20', N'913.114921280913', N'32', N'1', N'2020-05-31'), (N'510', N'kiwi', N'Ding Xiuying', N'1', N'2016-10-01', N'922.520900164379', N'30', N'1', N'2015-02-16'), (N'511', N'Onange plus', N'Yau Fat', N'7', N'2010-10-06', N'225.563880336648', N'25', N'1', N'2002-12-21'), (N'512', N'Strawberry pi', N'Guo Zitao', N'1', N'2015-05-18', N'955.664010807865', N'27', N'1', N'2001-06-07'), (N'513', N'Apple premium', N'Kaneko Hikaru', N'26', N'2001-03-04', N'973.789033832209', N'4', N'1', N'2019-07-21'), (N'514', N'Cherry mini', N'Murata Aoshi', N'13', N'2021-11-06', N'798.517339257354', N'18', N'1', N'2004-10-24'), (N'515', N'ultra-aluots', N'Joan Crawford', N'29', N'2000-02-09', N'287.242218061884', N'32', N'1', N'2020-05-07'), (N'516', N'iOrange', N'Fujita Shino', N'10', N'2000-11-05', N'288.261827916813', N'37', N'1', N'2008-09-01'), (N'517', N'Cheqry', N'Yau Siu Wai', N'23', N'2008-08-04', N'605.092224684913', N'32', N'1', N'2003-12-24'), (N'518', N'iMango', N'Tsang Ka Ling', N'19', N'2010-12-18', N'343.132033711397', N'25', N'1', N'2019-12-25'), (N'519', N'Apple', N'Jia Xiuying', N'11', N'2002-12-08', N'311.263014336588', N'31', N'1', N'2018-06-04'), (N'520', N'jiwi', N'Tsang Tsz Ching', N'1', N'2022-03-02', N'902.334070089839', N'40', N'1', N'2002-10-30'), (N'521', N'Rambutan', N'Ti Siu Wai', N'20', N'2017-02-20', N'978.836191478115', N'5', N'1', N'2013-12-05'), (N'522', N'Apple', N'Yokoyama Ren', N'0', N'2010-09-12', N'180.85063433349', N'8', N'1', N'2023-08-14'), (N'523', N'Raspberry', N'Ralph Mendez', N'19', N'2021-05-12', N'452.246619263162', N'11', N'1', N'2001-03-30'), (N'524', N'xCherry', N'Tian Anqi', N'11', N'2012-10-21', N'290.836969917832', N'14', N'1', N'2008-07-09'), (N'525', N'Mango', N'Shannon Bennett', N'22', N'2011-03-21', N'540.875285293287', N'26', N'1', N'2017-02-16'), (N'526', N'Strawberry', N'Sun Anqi', N'28', N'2006-07-15', N'509.164516429224', N'25', N'1', N'2016-01-29'), (N'527', N'iOrange', N'Yamashita Tsubasa', N'19', N'2022-12-25', N'186.950998162456', N'15', N'1', N'2012-08-09'), (N'528', N'aluots air', N'Sato Aoshi', N'12', N'2016-01-27', N'529.455857807709', N'17', N'1', N'2010-06-06'), (N'529', N'Raspberry', N'Sasaki Yuito', N'7', N'2016-06-03', N'694.847151311948', N'28', N'1', N'2000-02-24'), (N'530', N'Orange', N'Long Yunxi', N'22', N'2001-05-20', N'335.500285868221', N'26', N'1', N'2000-11-13'), (N'531', N'Strawberpy pro', N'Zhu Shihan', N'12', N'2016-11-26', N'541.211299139274', N'23', N'1', N'2013-07-16'), (N'532', N'Raspberay', N'Sato Tsubasa', N'5', N'2014-11-29', N'47.5250170449656', N'7', N'1', N'2016-04-11'), (N'533', N'Rasaberry', N'Wong Chi Ming', N'26', N'2009-05-22', N'62.8008167926047', N'47', N'1', N'2019-10-20'), (N'534', N'Strawberry', N'Martha Olson', N'10', N'2000-01-02', N'724.884950166952', N'50', N'1', N'2000-05-04'), (N'535', N'Cherry se', N'Randall Reyes', N'23', N'2000-02-15', N'722.436587640032', N'14', N'1', N'2017-11-02'), (N'536', N'Pluots air', N'Lai Sze Kwan', N'7', N'2003-08-26', N'109.676824004459', N'19', N'1', N'2011-08-03'), (N'537', N'Strawberry', N'Tsui Fat', N'6', N'2024-04-06', N'170.011919397827', N'33', N'1', N'2010-08-23'), (N'538', N'Raspberry', N'Ralph Stevens', N'17', N'2016-06-25', N'492.634084970535', N'34', N'1', N'2001-04-01'), (N'539', N'Pluots', N'Annie Fox', N'7', N'2018-02-06', N'123.428315437169', N'3', N'1', N'2018-12-04'), (N'540', N'Kawi', N'Tong Ka Ming', N'13', N'2017-02-17', N'49.9856318922939', N'22', N'1', N'2020-08-05'), (N'541', N'xaspberry', N'Murakami Hikari', N'22', N'2017-09-20', N'109.108670582615', N'22', N'1', N'2010-09-06'), (N'542', N'ambi-Grape', N'Kobayashi Ayato', N'6', N'2010-03-06', N'431.90928383362', N'27', N'1', N'2013-03-19'), (N'543', N'Rambutan', N'Dai Tsz Ching', N'11', N'2016-11-11', N'822.931435152048', N'21', N'1', N'2006-12-07'), (N'544', N'Straaberry', N'Evelyn Tucker', N'11', N'2006-08-14', N'726.350320730601', N'43', N'1', N'2013-04-20'), (N'545', N'Arple', N'Fu Shihan', N'12', N'2009-11-11', N'999.165953484479', N'21', N'1', N'2014-05-04'), (N'546', N'ultra-Mango', N'Kondo Nanami', N'13', N'2003-08-09', N'608.75381739169', N'28', N'1', N'2001-09-05'), (N'547', N'fherry pi', N'Morita Daisuke', N'28', N'2020-06-22', N'886.284004147837', N'31', N'1', N'2017-12-12'), (N'548', N'Orange', N'Yung Kwok Wing', N'19', N'2015-05-22', N'131.905651068201', N'38', N'1', N'2001-10-29'), (N'549', N'Kiwi', N'Ueda Ikki', N'8', N'2011-06-16', N'844.900986323089', N'9', N'1', N'2020-12-18'), (N'550', N'xStrawberry', N'Leonard Watson', N'20', N'2014-03-15', N'411.090525835754', N'36', N'1', N'2005-01-22'), (N'551', N'Graqe', N'Hara Hikari', N'26', N'2023-03-27', N'474.45540295513', N'35', N'1', N'2021-03-05'), (N'552', N'Raspberry', N'Carmen Porter', N'5', N'2017-05-22', N'825.842299352849', N'46', N'1', N'2020-01-29'), (N'553', N'omni-apple', N'Iwasaki Rena', N'26', N'2004-07-24', N'568.457492630098', N'7', N'1', N'2001-06-20'), (N'554', N'Rambutan premium', N'Kojima Seiko', N'14', N'2016-12-05', N'897.656244157794', N'27', N'1', N'2015-08-04'), (N'555', N'Cqerry core', N'Saito Kaito', N'15', N'2003-11-08', N'754.935199719639', N'34', N'1', N'2001-08-13'), (N'556', N'Raspberry premium', N'Timothy Cole', N'10', N'2017-08-02', N'498.218379243453', N'23', N'1', N'2010-09-19'), (N'557', N'Oranhe', N'Stephanie Wells', N'5', N'2008-03-12', N'962.949191691258', N'40', N'1', N'2019-04-26'), (N'558', N'Raspberry', N'Han Ka Fai', N'28', N'2021-06-30', N'945.760269868284', N'38', N'1', N'2015-04-05'), (N'559', N'Orange core', N'Fu Xiaoming', N'4', N'2004-01-24', N'885.882253946714', N'26', N'1', N'2001-07-04'), (N'560', N'Mongo', N'Tse Wing Kuen', N'14', N'2007-10-27', N'607.513116537612', N'28', N'1', N'2024-02-24'), (N'561', N'Ramburan air', N'He Zitao', N'2', N'2003-02-16', N'249.001860029433', N'46', N'1', N'2005-12-21'), (N'562', N'Raspberry', N'Kathy Soto', N'26', N'2001-09-25', N'301.686409931769', N'35', N'1', N'2002-10-04'), (N'563', N'Orange', N'Takada Daisuke', N'20', N'2014-10-11', N'263.040587636968', N'42', N'1', N'2021-11-22'), (N'564', N'Apple', N'Todd Crawford', N'22', N'2021-03-08', N'351.705385175374', N'49', N'1', N'2001-10-12'), (N'565', N'Grape', N'Arai Hikari', N'1', N'2011-06-18', N'901.568760253069', N'20', N'1', N'2005-07-30'), (N'566', N'Orange elite', N'Yamamoto Nanami', N'9', N'2022-12-13', N'972.208446296429', N'44', N'1', N'2015-09-29'), (N'567', N'ultra-Kpwi', N'Iwasaki Riku', N'5', N'2021-06-07', N'173.048811490107', N'36', N'1', N'2018-03-01'), (N'568', N'Raspbsrry', N'Terry Williams', N'14', N'2015-08-09', N'806.853330621808', N'18', N'1', N'2008-03-10'), (N'569', N'Mango', N'Fu Tin Wing', N'21', N'2004-03-13', N'328.499760622872', N'16', N'1', N'2006-08-24'), (N'570', N'ultra-Kiwi', N'Xiang Zhiyuan', N'26', N'2006-03-14', N'807.313585756551', N'50', N'1', N'2007-03-13'), (N'571', N'Orange', N'Ryan Gonzalez', N'11', N'2017-11-09', N'21.6733737520667', N'11', N'1', N'2010-06-04'), (N'572', N'Grape', N'Chad Wagner', N'29', N'2008-06-25', N'482.944390647427', N'21', N'1', N'2012-03-03'), (N'573', N'Mango', N'Valerie Young', N'7', N'2006-12-17', N'18.4964896601745', N'18', N'1', N'2022-09-18'), (N'574', N'Mango', N'Russell Ramirez', N'18', N'2016-05-27', N'338.788637515745', N'12', N'1', N'2012-12-15'), (N'575', N'ultra-Strawberry', N'Danielle Crawford', N'18', N'2023-01-15', N'604.549880624766', N'31', N'1', N'2017-03-06'), (N'576', N'oluots premium', N'Wang Xiuying', N'3', N'2005-10-12', N'13.0598127826559', N'2', N'1', N'2022-11-29'), (N'577', N'omni-drange', N'Paula Reyes', N'18', N'2013-02-05', N'588.277325792638', N'32', N'1', N'2006-07-07'), (N'578', N'iOrange', N'Chung Chieh Lun', N'24', N'2004-10-28', N'351.403748678087', N'0', N'1', N'2019-11-02'), (N'579', N'Psuots', N'Xiang Anqi', N'26', N'2008-06-13', N'59.8225344043077', N'43', N'1', N'2001-05-25'), (N'580', N'Pluots air', N'Chu Wing Kuen', N'13', N'2013-01-11', N'94.5996259275694', N'8', N'1', N'2008-03-06'), (N'581', N'Raspberry', N'Hasegawa Rena', N'24', N'2010-12-22', N'503.105787897456', N'29', N'1', N'2017-12-04'), (N'582', N'Pluohs', N'Meng Jiehong', N'13', N'2004-10-02', N'942.686510746455', N'6', N'1', N'2023-10-17'), (N'583', N'Cherjy core', N'Shi Zitao', N'11', N'2008-01-12', N'430.640628557958', N'30', N'1', N'2020-03-27'), (N'584', N'Grape pi', N'Kwong On Kay', N'26', N'2012-08-02', N'279.918634036074', N'43', N'1', N'2014-04-15'), (N'585', N'Grape', N'Mo Jialun', N'26', N'2007-09-30', N'373.865138976208', N'32', N'1', N'2022-08-23'), (N'586', N'Kiji', N'Kong Ho Yin', N'18', N'2003-07-06', N'379.56099594239', N'46', N'1', N'2013-12-01'), (N'587', N'Kihi premium', N'Kam Siu Wai', N'11', N'2006-12-23', N'23.8336656196145', N'26', N'1', N'2023-11-21'), (N'588', N'Cherry', N'Lo Ka Keung', N'9', N'2019-10-18', N'583.707130916431', N'18', N'1', N'2002-09-28'), (N'589', N'xMango', N'Hashimoto Aoi', N'12', N'2007-10-31', N'40.9609922833954', N'39', N'1', N'2006-07-14'), (N'590', N'iApple', N'Carol Williams', N'18', N'2021-06-20', N'165.455228649564', N'3', N'1', N'2005-11-17'), (N'591', N'Mango', N'Yin Hok Yau', N'24', N'2004-05-20', N'565.613549042637', N'2', N'1', N'2017-04-07'), (N'592', N'Ramsutan', N'Xie Jialun', N'14', N'2018-09-08', N'792.742316582526', N'13', N'1', N'2010-04-04'), (N'593', N'Apple', N'Zhou Anqi', N'19', N'2022-01-24', N'624.868418157639', N'43', N'1', N'2010-12-18'), (N'594', N'Grape', N'Tamura Hazuki', N'17', N'2009-12-10', N'315.247461376832', N'29', N'1', N'2004-05-19'), (N'595', N'Kiwi', N'Lok Tsz Ching', N'5', N'2014-08-26', N'740.880627848241', N'20', N'1', N'2003-05-11'), (N'596', N'Cherry plus', N'Alexander Payne', N'19', N'2001-01-22', N'201.463205116885', N'41', N'1', N'2005-12-25'), (N'597', N'Strawberjy pi', N'Wong Chi Yuen', N'14', N'2021-07-05', N'602.825065693708', N'38', N'1', N'2015-05-01'), (N'598', N'Raspberry air', N'Au Fu Shing', N'20', N'2021-10-27', N'886.266733012209', N'21', N'1', N'2020-06-07'), (N'599', N'xStrawberry', N'Yeung On Na', N'3', N'2010-01-05', N'314.429786177043', N'24', N'1', N'2001-12-20'), (N'600', N'xStrawberry', N'Yuen Wai San', N'18', N'2016-01-07', N'24.218373730792', N'2', N'1', N'2010-01-19')
GO

INSERT INTO [dbo].[BaiHat] ([ID], [TenBaiHat], [TenTacGia], [ThoiLuong], [NgaySanXuat], [Gia], [CaSiID], [PhatHanhDia], [NgayRaMat]) VALUES (N'601', N'xrape core', N'Ono Misaki', N'18', N'2018-04-19', N'426.499638253256', N'19', N'1', N'2013-08-27'), (N'602', N'vaspberry pi', N'Lu Yuning', N'3', N'2017-05-28', N'104.264222240632', N'34', N'1', N'2006-04-28'), (N'603', N'iMango', N'Nakano Yuito', N'7', N'2003-09-16', N'29.1760249572367', N'1', N'1', N'2023-06-17'), (N'604', N'ultra-Raspbegry', N'Kinoshita Shino', N'4', N'2017-10-11', N'440.775558196753', N'0', N'1', N'2008-08-27'), (N'605', N'Grqpe plus', N'Steve Bailey', N'19', N'2014-07-01', N'483.692900378025', N'19', N'1', N'2018-08-24'), (N'606', N'ultra-Gaape', N'Shibata Ayato', N'21', N'2022-12-17', N'302.0821009124', N'6', N'1', N'2006-09-08'), (N'607', N'Rambutan pro', N'Yamashita Hikaru', N'5', N'2006-09-05', N'310.181017523458', N'24', N'1', N'2007-06-16'), (N'608', N'xGaape', N'Chin Kar Yan', N'5', N'2014-09-06', N'84.7945631666617', N'44', N'1', N'2023-12-10'), (N'609', N'Rambutbn air', N'Hara Hazuki', N'17', N'2014-01-08', N'240.746214201439', N'37', N'1', N'2008-12-28'), (N'610', N'hrange pro', N'Keith Romero', N'24', N'2019-12-29', N'952.361384785637', N'20', N'1', N'2008-11-05'), (N'611', N'Kiwi elite', N'Andrea Carter', N'9', N'2001-10-28', N'73.0017175747681', N'32', N'1', N'2004-10-01'), (N'612', N'Kvwi', N'Wang Anqi', N'11', N'2004-08-19', N'829.436685026318', N'17', N'1', N'2007-04-14'), (N'613', N'Chexry', N'He Jialun', N'3', N'2018-01-30', N'7.8610777223176', N'13', N'1', N'2018-03-16'), (N'614', N'Mfngo se', N'Xiang Xiuying', N'5', N'2007-08-28', N'794.992260958842', N'16', N'1', N'2018-07-18'), (N'615', N'Cherry', N'Deng Zhiyuan', N'29', N'2015-06-17', N'792.111305571236', N'14', N'1', N'2013-04-10'), (N'616', N'Aeple', N'Chiang Hui Mei', N'16', N'2024-03-12', N'723.170767117593', N'46', N'1', N'2018-12-31'), (N'617', N'ieaspberry', N'Lai Ka Ling', N'6', N'2016-05-09', N'816.347657476189', N'35', N'1', N'2022-03-26'), (N'618', N'Ravpberry', N'Steven Bryant', N'5', N'2013-04-15', N'501.657057203682', N'41', N'1', N'2006-11-19'), (N'619', N'Strawberry', N'Takahashi Ikki', N'14', N'2006-08-06', N'285.181652599078', N'1', N'1', N'2017-10-29'), (N'620', N'Pluots', N'Rachel Collins', N'2', N'2016-08-12', N'179.119739236945', N'39', N'1', N'2023-06-24'), (N'621', N'Mango pi', N'Saito Daichi', N'26', N'2022-05-31', N'573.337387116217', N'34', N'1', N'2020-12-27'), (N'622', N'Pluots', N'Jiang Yuning', N'10', N'2007-11-29', N'679.786736111161', N'18', N'1', N'2009-07-14'), (N'623', N'Strawberry', N'Ku Lai Yan', N'17', N'2004-10-01', N'460.400580685091', N'27', N'1', N'2021-02-19'), (N'624', N'Stgawberry', N'Nakayama Riku', N'7', N'2006-08-25', N'982.252743572476', N'34', N'1', N'2004-01-30'), (N'625', N'omni-Rambutan', N'Yeow Wai San', N'19', N'2005-03-22', N'342.817968449484', N'46', N'1', N'2002-09-15'), (N'626', N'Mgngo', N'He Yunxi', N'30', N'2008-07-02', N'627.625586294787', N'3', N'1', N'2014-11-18'), (N'627', N'Klwi', N'Shimizu Ikki', N'3', N'2011-08-25', N'305.958377050416', N'28', N'1', N'2011-04-29'), (N'628', N'Apole', N'Morita Ryota', N'13', N'2018-09-04', N'892.688839358172', N'4', N'1', N'2007-10-23'), (N'629', N'Kiwi premium', N'Ti Hok Yau', N'4', N'2000-07-09', N'719.677755425917', N'2', N'1', N'2010-08-18'), (N'630', N'Cherry pro', N'Ma Ho Yin', N'30', N'2011-01-07', N'67.9235403798972', N'30', N'1', N'2021-08-15'), (N'631', N'Manoo', N'Ng Tin Lok', N'10', N'2001-07-21', N'847.67229176819', N'1', N'1', N'2019-09-09'), (N'632', N'Orapge', N'Francisco Castillo', N'17', N'2012-11-18', N'327.066238110107', N'35', N'1', N'2006-10-15'), (N'633', N'ambi-Apple', N'Debra Ramos', N'11', N'2000-06-27', N'403.928071318233', N'16', N'1', N'2018-12-30'), (N'634', N'xjrape', N'Siu Wai San', N'9', N'2008-06-05', N'453.227338349775', N'24', N'1', N'2008-06-16'), (N'635', N'tango plus', N'Sun Xiaoming', N'23', N'2002-05-17', N'92.4439509414393', N'13', N'1', N'2022-10-20'), (N'636', N'xStrawberry', N'Hao Anqi', N'1', N'2000-12-11', N'15.7545592744829', N'18', N'1', N'2006-02-08'), (N'637', N'Apple', N'Earl Meyer', N'14', N'2017-06-07', N'638.795996347643', N'19', N'1', N'2018-01-04'), (N'638', N'Apple plus', N'Maeda Mai', N'22', N'2014-12-01', N'519.678324157236', N'42', N'1', N'2020-02-26'), (N'639', N'Kiwi mini', N'Zeng Zhennan', N'24', N'2004-12-11', N'42.7865882396006', N'7', N'1', N'2014-02-05'), (N'640', N'ultra-Apple', N'Catherine Carter', N'25', N'2009-03-27', N'958.60129279917', N'18', N'1', N'2019-06-13'), (N'641', N'gaspberry', N'Chic Tak Wah', N'25', N'2015-12-03', N'459.207969231901', N'31', N'1', N'2006-06-15'), (N'642', N'Grape', N'Yuen Lik Sun', N'26', N'2012-12-01', N'764.044534476433', N'26', N'1', N'2015-11-08'), (N'643', N'Cheriy', N'Manuel Sanchez', N'16', N'2008-09-28', N'708.643062018556', N'29', N'1', N'2003-12-29'), (N'644', N'Raxbutan', N'Mori Hina', N'1', N'2002-05-27', N'8.10404456400918', N'42', N'1', N'2022-06-01'), (N'645', N'Apple', N'Wei Xiuying', N'12', N'2020-02-21', N'926.355154726371', N'26', N'1', N'2006-01-20'), (N'646', N'Charry', N'Lok Wing Sze', N'1', N'2023-02-07', N'284.995688937097', N'23', N'1', N'2020-11-07'), (N'647', N'Kiwi premium', N'Kikuchi Tsubasa', N'8', N'2021-07-28', N'77.9565177636222', N'29', N'1', N'2021-12-29'), (N'648', N'pango core', N'Chan Wai Yee', N'21', N'2001-01-23', N'83.1563078003823', N'8', N'1', N'2023-04-19'), (N'649', N'iPluots', N'Yu Jialun', N'12', N'2007-11-30', N'583.64340231941', N'42', N'1', N'2010-12-17'), (N'650', N'jluots', N'Wong Ka Ling', N'23', N'2002-06-20', N'756.311714115272', N'48', N'1', N'2008-03-17'), (N'651', N'Caerry', N'Mak Chun Yu', N'18', N'2016-09-07', N'733.769751204132', N'35', N'1', N'2009-08-16'), (N'652', N'ambi-tango', N'Chow Kwok Ming', N'8', N'2000-03-07', N'203.262171776972', N'22', N'1', N'2016-04-21'), (N'653', N'Rambuhan', N'Sakamoto Rena', N'11', N'2011-09-28', N'330.564714778051', N'5', N'1', N'2000-12-12'), (N'654', N'Razbutan', N'Kono Mio', N'20', N'2003-06-29', N'959.268099874878', N'26', N'1', N'2015-07-06'), (N'655', N'xRlmbutan', N'He Jiehong', N'7', N'2019-03-05', N'311.566131795542', N'21', N'1', N'2003-08-11'), (N'656', N'Mango elite', N'Anne Marshall', N'13', N'2024-02-22', N'8.11676605067913', N'36', N'1', N'2005-02-24'), (N'657', N'qrange', N'Jiang Yunxi', N'2', N'2021-06-22', N'120.033132481077', N'42', N'1', N'2013-09-28'), (N'658', N'Raspberry', N'Yan Shihan', N'17', N'2010-02-03', N'692.663228254656', N'12', N'1', N'2002-11-27'), (N'659', N'Orange', N'Matthew Bell', N'26', N'2022-11-19', N'51.506306034176', N'5', N'1', N'2024-01-10'), (N'660', N'Manto', N'Tao Wing Sze', N'17', N'2005-10-28', N'442.538343726248', N'39', N'1', N'2001-11-09'), (N'661', N'Apble', N'Tang Ziyi', N'24', N'2023-01-10', N'12.4436465577349', N'2', N'1', N'2013-11-15'), (N'662', N'Mango', N'Goto Ayato', N'14', N'2021-11-30', N'245.657716776664', N'9', N'1', N'2013-06-07'), (N'663', N'Pluots mini', N'Takahashi Hana', N'6', N'2013-04-18', N'698.325156720545', N'23', N'1', N'2002-01-07'), (N'664', N'Maago', N'Aaron Hall', N'1', N'2011-10-07', N'203.472638921344', N'6', N'1', N'2018-12-20'), (N'665', N'Strawberry mini', N'Wu Chung Yin', N'26', N'2021-07-18', N'425.669357373307', N'18', N'1', N'2000-05-03'), (N'666', N'Rambutan', N'Mo Zhennan', N'8', N'2005-12-06', N'94.6257182268512', N'22', N'1', N'2009-03-09'), (N'667', N'ambi-qherry', N'Cho Fu Shing', N'12', N'2001-10-10', N'145.497772600092', N'48', N'1', N'2020-07-13'), (N'668', N'omni-Kmwi', N'Uchida Sara', N'11', N'2003-06-08', N'247.82404899222', N'32', N'1', N'2024-03-22'), (N'669', N'ultra-Kiwi', N'Jiang Zhennan', N'20', N'2009-09-28', N'198.909930957173', N'2', N'1', N'2019-01-20'), (N'670', N'xChdrry', N'Tanaka Kenta', N'13', N'2018-03-08', N'806.443693783477', N'12', N'1', N'2005-04-06'), (N'671', N'omni-Apple', N'Yue Wai Yee', N'15', N'2003-01-26', N'809.370785455571', N'49', N'1', N'2013-04-23'), (N'672', N'Strawlerry', N'Hui Kwok Ming', N'14', N'2015-10-18', N'996.524056354477', N'42', N'1', N'2022-04-02'), (N'673', N'Kiwi', N'Sit Ho Yin', N'19', N'2001-06-30', N'732.983525132454', N'26', N'1', N'2017-01-21'), (N'674', N'xrange', N'Nakano Rin', N'24', N'2023-06-20', N'615.568109324638', N'27', N'1', N'2002-01-17'), (N'675', N'ambi-Rambutan', N'Fang Zhennan', N'19', N'2013-04-23', N'678.364278628282', N'28', N'1', N'2024-02-12'), (N'676', N'iGraje', N'Mo Xiaoming', N'20', N'2007-02-03', N'717.13160526363', N'13', N'1', N'2013-04-17'), (N'677', N'eango', N'Beverly Warren', N'6', N'2014-06-10', N'585.399095716052', N'4', N'1', N'2015-05-04'), (N'678', N'Strawberry', N'Wu Zhennan', N'4', N'2011-11-05', N'934.115607137853', N'19', N'1', N'2017-12-22'), (N'679', N'Kioi', N'Edith Fisher', N'2', N'2015-12-02', N'901.561684946289', N'41', N'1', N'2010-04-06'), (N'680', N'Raspberry core', N'Esther Wells', N'21', N'2018-06-15', N'51.9172916768343', N'49', N'1', N'2018-09-08'), (N'681', N'ambi-Mzngo', N'Fan Ka Ming', N'3', N'2020-02-13', N'85.4329001596739', N'17', N'1', N'2024-01-01'), (N'682', N'Apole plus', N'Ku Cho Yee', N'23', N'2008-07-05', N'204.795709635843', N'30', N'1', N'2017-10-08'), (N'683', N'eambutan', N'Lu Xiaoming', N'1', N'2024-03-07', N'119.435133653516', N'2', N'1', N'2018-01-06'), (N'684', N'omni-Rfspberry', N'Okamoto Shino', N'16', N'2013-12-18', N'649.747498404655', N'42', N'1', N'2019-07-05'), (N'685', N'uambutan', N'Taniguchi Seiko', N'6', N'2006-06-07', N'982.203308112798', N'34', N'1', N'2003-02-16'), (N'686', N'Raspbezry', N'Yeung Wing Fat', N'29', N'2010-03-22', N'638.114225213292', N'21', N'1', N'2017-01-27'), (N'687', N'Grape pro', N'Kudo Daichi', N'27', N'2004-06-26', N'323.640141624566', N'20', N'1', N'2004-12-12'), (N'688', N'ypple elite', N'Shawn Ruiz', N'2', N'2006-05-07', N'306.025852429062', N'24', N'1', N'2009-01-07'), (N'689', N'Rambttan elite', N'Hsuan Tsz Ching', N'7', N'2011-10-30', N'840.769617002252', N'29', N'1', N'2007-04-23'), (N'690', N'Kbwi pro', N'Yau Ting Fung', N'22', N'2014-12-24', N'308.349392998641', N'20', N'1', N'2005-10-22'), (N'691', N'ultra-Strawberry', N'Cui Lan', N'13', N'2020-01-08', N'584.12266948843', N'46', N'1', N'2007-09-08'), (N'692', N'ambi-Rambutan', N'Xiang Zhiyuan', N'13', N'2015-03-13', N'139.438507266318', N'31', N'1', N'2011-03-01'), (N'693', N'Plucts core', N'Chiba Rena', N'10', N'2011-08-09', N'338.011899156152', N'35', N'1', N'2010-01-10'), (N'694', N'xOronge', N'Virginia Roberts', N'29', N'2023-08-08', N'128.666447407604', N'4', N'1', N'2017-11-15'), (N'695', N'ultra-Rambutan', N'Florence Simmons', N'0', N'2000-01-05', N'654.654182940399', N'10', N'1', N'2015-03-02'), (N'696', N'Orange', N'Lai Fat', N'15', N'2009-01-13', N'599.912700561468', N'11', N'1', N'2022-08-07'), (N'697', N'bpple plus', N'Jiang Anqi', N'14', N'2009-10-13', N'977.042022879675', N'18', N'1', N'2012-04-30'), (N'698', N'Apple elite', N'Shibata Seiko', N'17', N'2001-06-24', N'83.8826905080711', N'1', N'1', N'2007-02-13'), (N'699', N'rambutan', N'Benjamin Reynolds', N'29', N'2017-05-24', N'162.838382525756', N'39', N'1', N'2023-05-10'), (N'700', N'Kiwi se', N'Phyllis Hall', N'22', N'2020-12-05', N'421.812824730613', N'22', N'1', N'2011-04-13')
GO

INSERT INTO [dbo].[BaiHat] ([ID], [TenBaiHat], [TenTacGia], [ThoiLuong], [NgaySanXuat], [Gia], [CaSiID], [PhatHanhDia], [NgayRaMat]) VALUES (N'701', N'Grape', N'Aoki Sakura', N'20', N'2006-08-20', N'926.705952970364', N'23', N'1', N'2004-09-15'), (N'702', N'Cherry', N'Douglas Hunt', N'12', N'2023-04-09', N'581.945554056086', N'42', N'1', N'2010-07-29'), (N'703', N'Oyange pro', N'Gladys Sullivan', N'29', N'2006-01-11', N'844.13033008812', N'29', N'1', N'2024-03-29'), (N'704', N'Strawberry plus', N'Betty Collins', N'16', N'2003-05-11', N'27.4475807820586', N'30', N'1', N'2017-06-06'), (N'705', N'Rambutan', N'Duan Jiehong', N'17', N'2015-11-29', N'40.4484308093495', N'5', N'1', N'2016-09-07'), (N'706', N'Raspberry mini', N'Fan Shihan', N'4', N'2015-04-23', N'880.42515139979', N'47', N'1', N'2002-12-26'), (N'707', N'ultra-Apple', N'Tong Hui Mei', N'6', N'2019-07-17', N'182.328575973075', N'32', N'1', N'2014-06-11'), (N'708', N'Cherry mini', N'Kong Ka Ling', N'7', N'2018-04-03', N'114.132314084164', N'3', N'1', N'2003-01-18'), (N'709', N'xRaspberry', N'Larry Jackson', N'10', N'2023-01-05', N'28.8758984699158', N'36', N'1', N'2003-01-06'), (N'710', N'ultra-Kiwi', N'Liu Jialun', N'21', N'2023-07-24', N'569.537259669704', N'47', N'1', N'2014-01-09'), (N'711', N'ieiwi', N'Pan Rui', N'9', N'2001-11-17', N'211.615321330685', N'32', N'1', N'2014-11-04'), (N'712', N'krange', N'Yin Yuning', N'5', N'2002-11-27', N'416.37963163846', N'21', N'1', N'2013-07-28'), (N'713', N'Orange core', N'Nakayama Akina', N'7', N'2014-11-22', N'381.446531096356', N'42', N'1', N'2016-04-20'), (N'714', N'Rbmbutan', N'Chin Lai Yan', N'7', N'2010-06-30', N'548.365695361176', N'30', N'1', N'2007-07-20'), (N'715', N'ambi-jrape', N'Xia Shihan', N'19', N'2000-11-18', N'655.415011790595', N'5', N'1', N'2005-02-01'), (N'716', N'Rambutan', N'Matthew Cole', N'30', N'2014-11-17', N'256.010935374606', N'17', N'1', N'2013-05-03'), (N'717', N'Grepe core', N'Ogawa Momoe', N'20', N'2002-02-12', N'578.900078975007', N'32', N'1', N'2022-12-23'), (N'718', N'iOiange', N'Maeda Aoi', N'21', N'2023-05-24', N'634.660340877539', N'26', N'1', N'2023-07-15'), (N'719', N'ultra-Kewi', N'Hao Jialun', N'29', N'2008-11-01', N'298.433987938121', N'24', N'1', N'2022-08-15'), (N'720', N'dpple', N'Choi Ming', N'16', N'2005-06-08', N'293.563858128253', N'31', N'1', N'2010-12-06'), (N'721', N'iCherry', N'Pan Xiaoming', N'16', N'2004-05-03', N'984.002800633274', N'1', N'1', N'2017-07-05'), (N'722', N'Graqe', N'Eva Nelson', N'18', N'2002-01-18', N'992.324686631926', N'7', N'1', N'2002-12-02'), (N'723', N'Orange', N'Takada Yamato', N'17', N'2016-06-17', N'822.596461634928', N'21', N'1', N'2019-01-23'), (N'724', N'lrape', N'Kato Ryota', N'25', N'2002-12-25', N'224.999958079496', N'43', N'1', N'2006-05-15'), (N'725', N'Rassberry', N'Francis Dixon', N'17', N'2022-03-16', N'655.869481318915', N'26', N'1', N'2004-09-22'), (N'726', N'Raspberry pro', N'Tse Ho Yin', N'28', N'2006-10-14', N'434.541036153544', N'8', N'1', N'2019-07-02'), (N'727', N'Rambutan elite', N'Herbert Fisher', N'29', N'2020-12-01', N'796.774278035025', N'26', N'1', N'2017-03-17'), (N'728', N'yiwi pro', N'Anita Hicks', N'16', N'2024-01-09', N'815.529206250299', N'48', N'1', N'2014-07-18'), (N'729', N'Raspberry', N'Tin Wing Sze', N'13', N'2022-03-21', N'711.5343807545', N'47', N'1', N'2022-07-16'), (N'730', N'Orange', N'Heung Tsz Ching', N'17', N'2002-11-07', N'710.922656818104', N'29', N'1', N'2010-03-15'), (N'731', N'xApple', N'Sit Wing Sze', N'5', N'2017-10-25', N'390.474503030359', N'24', N'1', N'2014-07-08'), (N'732', N'xMango', N'Norma Crawford', N'7', N'2017-06-29', N'728.82530029963', N'2', N'1', N'2024-01-11'), (N'733', N'Orange', N'Hui Wai Yee', N'21', N'2003-01-02', N'473.746597415122', N'9', N'1', N'2004-05-23'), (N'734', N'Pluots', N'Lok On Na', N'7', N'2000-10-21', N'622.719521423955', N'38', N'1', N'2019-12-03'), (N'735', N'Orange', N'Cynthia Ramirez', N'16', N'2009-03-25', N'464.920686265528', N'5', N'1', N'2010-05-17'), (N'736', N'Mango core', N'Yamamoto Mai', N'12', N'2011-06-08', N'510.786573553917', N'26', N'1', N'2002-01-01'), (N'737', N'ultra-Strawberry', N'Fu Fat', N'20', N'2017-12-08', N'476.424350095418', N'40', N'1', N'2012-04-03'), (N'738', N'erape elite', N'Ku Wai Lam', N'17', N'2010-01-29', N'28.2944310030455', N'44', N'1', N'2011-10-07'), (N'739', N'crange mini', N'Lu Zitao', N'2', N'2016-11-14', N'239.218535227172', N'45', N'1', N'2013-04-28'), (N'740', N'fpple', N'Frederick Gibson', N'29', N'2016-02-28', N'121.654098453371', N'48', N'1', N'2019-12-12'), (N'741', N'nluots', N'Zhong Xiaoming', N'2', N'2018-03-10', N'428.400417265793', N'12', N'1', N'2007-11-28'), (N'742', N'Orange', N'Judith Robertson', N'7', N'2003-12-18', N'550.313797092249', N'30', N'1', N'2019-12-11'), (N'743', N'Grape', N'Alfred Weaver', N'23', N'2020-01-05', N'692.163021686723', N'46', N'1', N'2013-05-31'), (N'744', N'Strawberry premium', N'Lin Zhiyuan', N'23', N'2009-03-18', N'174.997402042105', N'27', N'1', N'2004-11-16'), (N'745', N'xCherry', N'Man On Na', N'23', N'2008-12-16', N'961.090574008057', N'31', N'1', N'2012-12-21'), (N'746', N'Orange elite', N'Sato Seiko', N'3', N'2023-07-14', N'385.048738459131', N'38', N'1', N'2014-09-13'), (N'747', N'Mango air', N'Qian Xiaoming', N'5', N'2013-11-20', N'851.364905419606', N'31', N'1', N'2022-10-18'), (N'748', N'Rambutan mini', N'Yamashita Airi', N'24', N'2006-08-19', N'36.1598659590519', N'10', N'1', N'2003-03-13'), (N'749', N'sluots', N'Wong Ming', N'4', N'2000-09-05', N'649.714887177959', N'8', N'1', N'2002-03-14'), (N'750', N'Raspberry', N'Ye Xiuying', N'11', N'2004-03-26', N'748.820560805793', N'39', N'1', N'2006-01-26'), (N'751', N'Appqe', N'Hara Sara', N'11', N'2024-02-08', N'447.208279505431', N'1', N'1', N'2005-11-27'), (N'752', N'Strgwberry', N'Sheh Ming Sze', N'26', N'2006-02-23', N'104.538347573893', N'48', N'1', N'2002-12-10'), (N'753', N'omni-Rambutan', N'Koo Ka Ling', N'3', N'2008-05-11', N'441.16850721981', N'46', N'1', N'2010-12-15'), (N'754', N'mpple', N'Yung Ka Man', N'21', N'2010-06-14', N'975.874400333642', N'42', N'1', N'2001-04-23'), (N'755', N'Manvo elite', N'Fujii Nanami', N'7', N'2019-09-11', N'74.4649830816196', N'42', N'1', N'2020-10-19'), (N'756', N'Raybutan elite', N'Wu Ka Fai', N'10', N'2017-08-29', N'68.1110963800637', N'23', N'1', N'2008-08-13'), (N'757', N'Orange premium', N'Takagi Misaki', N'23', N'2019-10-16', N'115.935570408681', N'17', N'1', N'2010-07-15'), (N'758', N'Rambutzn', N'Cheryl Ramos', N'28', N'2022-12-09', N'395.511331169126', N'30', N'1', N'2013-04-22'), (N'759', N'ambi-Grape', N'Duan Zitao', N'19', N'2013-03-22', N'460.719726068371', N'26', N'1', N'2023-07-14'), (N'760', N'gambutan', N'Qian Shihan', N'29', N'2018-11-29', N'533.027228422908', N'29', N'1', N'2023-07-17'), (N'761', N'iambutan', N'Kam Tsz Ching', N'26', N'2018-09-11', N'383.260403286668', N'28', N'1', N'2001-08-18'), (N'762', N'kaspberry', N'Joe Nelson', N'25', N'2013-05-29', N'630.745386587006', N'45', N'1', N'2015-03-31'), (N'763', N'Cherry', N'Uchida Hazuki', N'2', N'2002-08-09', N'587.591959311543', N'24', N'1', N'2000-03-09'), (N'764', N'Apple', N'Willie Young', N'12', N'2006-07-27', N'973.459664890399', N'36', N'1', N'2008-08-23'), (N'765', N'Kiri pro', N'Shimizu Takuya', N'14', N'2013-08-04', N'899.162461247942', N'16', N'1', N'2005-02-20'), (N'766', N'Pluots plus', N'Wu Shihan', N'19', N'2023-01-04', N'943.959127108011', N'15', N'1', N'2021-02-11'), (N'767', N'Orange core', N'Wong Wai Yee', N'4', N'2020-12-18', N'411.059308367952', N'3', N'1', N'2003-05-28'), (N'768', N'Strawberry premium', N'Liu Rui', N'7', N'2020-06-26', N'398.192877369135', N'21', N'1', N'2012-01-24'), (N'769', N'Raspbelry pi', N'Tam Wing Fat', N'1', N'2011-10-14', N'653.529063209134', N'4', N'1', N'2002-07-01'), (N'770', N'epple', N'Roger Hernandez', N'1', N'2001-07-22', N'18.905149917284', N'26', N'1', N'2003-12-10'), (N'771', N'gambutan', N'Saito Kazuma', N'11', N'2015-08-29', N'425.633896069098', N'14', N'1', N'2013-02-17'), (N'772', N'Apple', N'Sasaki Momoka', N'15', N'2018-05-29', N'45.5328079974254', N'18', N'1', N'2000-03-06'), (N'773', N'Kiyi se', N'Doris Cox', N'11', N'2022-09-03', N'799.068835134843', N'13', N'1', N'2023-04-19'), (N'774', N'Strawberry', N'Eleanor Foster', N'24', N'2023-01-07', N'602.025825437936', N'6', N'1', N'2008-04-23'), (N'775', N'xKiyi', N'He Zhiyuan', N'18', N'2020-05-19', N'560.263035735051', N'13', N'1', N'2019-08-30'), (N'776', N'Kiwi', N'Wang Zitao', N'22', N'2020-05-10', N'740.67362137322', N'7', N'1', N'2016-10-27'), (N'777', N'omni-qango', N'Kam Ho Yin', N'21', N'2010-12-22', N'713.315164867578', N'45', N'1', N'2000-03-14'), (N'778', N'xOrange', N'Chang Wing Kuen', N'2', N'2001-06-08', N'254.156431196112', N'8', N'1', N'2021-02-27'), (N'779', N'Plfots', N'Lui Ka Ling', N'18', N'2023-05-07', N'835.696897601959', N'45', N'1', N'2006-10-05'), (N'780', N'xCherry', N'Yuen Ming', N'18', N'2017-02-25', N'834.403528625786', N'6', N'1', N'2018-03-10'), (N'781', N'Rambutan', N'Chiba Kasumi', N'23', N'2017-01-06', N'74.0924637233409', N'34', N'1', N'2015-03-24'), (N'782', N'Grape', N'Luis Mendez', N'2', N'2001-08-01', N'452.74263706155', N'45', N'1', N'2009-01-13'), (N'783', N'Orange core', N'Tamura Hazuki', N'6', N'2019-05-06', N'332.994301281843', N'12', N'1', N'2004-10-19'), (N'784', N'Strawbeary', N'Ota Mio', N'8', N'2012-07-10', N'777.901668166948', N'9', N'1', N'2002-12-25'), (N'785', N'Cherry', N'Yue Chi Ming', N'18', N'2004-02-28', N'932.779125491913', N'18', N'1', N'2023-06-03'), (N'786', N'Kiwi se', N'Norma Parker', N'30', N'2017-01-14', N'357.663814158043', N'34', N'1', N'2015-03-13'), (N'787', N'Kiwi air', N'Wang Zhennan', N'6', N'2016-01-30', N'424.391833328795', N'36', N'1', N'2021-01-03'), (N'788', N'Grxpe', N'Miura Rin', N'20', N'2016-07-12', N'55.3915894313295', N'44', N'1', N'2013-04-05'), (N'789', N'Raspberry elite', N'Ishikawa Ryota', N'25', N'2005-09-29', N'599.559954875306', N'8', N'1', N'2020-01-14'), (N'790', N'Plumts', N'Chu Ming', N'2', N'2024-01-02', N'324.429842325735', N'19', N'1', N'2019-12-22'), (N'791', N'Rambutan', N'Kenneth Torres', N'22', N'2022-10-08', N'861.7220898247', N'12', N'1', N'2013-11-21'), (N'792', N'Chelry', N'Dai Yunxi', N'9', N'2012-11-27', N'235.543579269098', N'11', N'1', N'2021-05-18'), (N'793', N'Apble elite', N'Ueda Rena', N'18', N'2018-05-25', N'220.937056808225', N'18', N'1', N'2000-04-02'), (N'794', N'Raspberry', N'Hui Tak Wah', N'9', N'2016-08-28', N'864.698534510032', N'27', N'1', N'2011-09-13'), (N'795', N'iRasiberry', N'Arthur Rodriguez', N'15', N'2019-09-19', N'259.856856778456', N'42', N'1', N'2016-11-27'), (N'796', N'qiwi pi', N'Fung Yun Fat', N'14', N'2000-12-24', N'253.315848113237', N'16', N'1', N'2012-10-27'), (N'797', N'Apple se', N'Tang Lan', N'12', N'2019-01-21', N'696.785629117322', N'29', N'1', N'2016-07-24'), (N'798', N'ambi-Apple', N'Russell King', N'1', N'2018-05-11', N'206.868008745974', N'40', N'1', N'2016-01-15'), (N'799', N'Manio', N'Matsumoto Mio', N'17', N'2007-12-30', N'508.688352109972', N'42', N'1', N'2022-07-28'), (N'800', N'Kiwi pi', N'Kwong Chung Yin', N'18', N'2023-05-09', N'23.0490019741532', N'37', N'1', N'2006-05-28')
GO

INSERT INTO [dbo].[BaiHat] ([ID], [TenBaiHat], [TenTacGia], [ThoiLuong], [NgaySanXuat], [Gia], [CaSiID], [PhatHanhDia], [NgayRaMat]) VALUES (N'801', N'eiwi elite', N'Masuda Ryota', N'1', N'2010-12-20', N'23.4587045705153', N'10', N'1', N'2019-10-12'), (N'802', N'Orange pi', N'Cheryl Hamilton', N'20', N'2018-06-06', N'95.3799233090628', N'17', N'1', N'2023-03-11'), (N'803', N'sherry', N'Beverly Edwards', N'22', N'2005-04-23', N'23.7150282877112', N'19', N'1', N'2021-03-07'), (N'804', N'Orlnge', N'Sano Airi', N'5', N'2014-08-15', N'781.208189420251', N'38', N'1', N'2009-02-17'), (N'805', N'Grape pi', N'Jiang Yunxi', N'6', N'2014-12-18', N'861.453644093968', N'38', N'1', N'2022-08-07'), (N'806', N'Rambutan pro', N'Kam Kwok Ming', N'2', N'2022-12-10', N'970.292390489832', N'0', N'1', N'2008-09-28'), (N'807', N'Strawberry air', N'Robin Mason', N'28', N'2000-04-13', N'453.621441598881', N'34', N'1', N'2001-03-02'), (N'808', N'Pluoqs', N'Hara Ayano', N'21', N'2003-11-06', N'764.432711733986', N'28', N'1', N'2020-11-20'), (N'809', N'Cherry', N'Yamashita Daisuke', N'15', N'2009-04-24', N'434.80168176196', N'17', N'1', N'2021-04-23'), (N'810', N'Cherry', N'Chin Chun Yu', N'27', N'2017-08-04', N'336.718270803652', N'12', N'1', N'2016-03-15'), (N'811', N'Strzwberry core', N'Fujii Daichi', N'25', N'2006-08-16', N'447.394955395287', N'39', N'1', N'2016-02-12'), (N'812', N'Rfmbutan', N'Miyamoto Rena', N'28', N'2001-07-01', N'912.765591507871', N'11', N'1', N'2014-11-07'), (N'813', N'Strawberry premium', N'Hu Lu', N'24', N'2000-05-19', N'61.373453094663', N'35', N'1', N'2015-06-22'), (N'814', N'ultra-Strawberry', N'George Moreno', N'1', N'2023-01-10', N'199.946852876432', N'15', N'1', N'2008-04-22'), (N'815', N'Cherry pi', N'Zhou Jialun', N'24', N'2003-02-04', N'467.157301931687', N'36', N'1', N'2012-04-28'), (N'816', N'Mkngo', N'Janet Payne', N'10', N'2014-09-18', N'995.395885496134', N'10', N'1', N'2013-03-14'), (N'817', N'iRaspberry', N'Lam Kwok Wing', N'29', N'2005-09-09', N'169.419030571572', N'32', N'1', N'2008-09-02'), (N'818', N'Pluots core', N'Zhao Ziyi', N'6', N'2002-02-01', N'97.7796368120197', N'9', N'1', N'2004-12-05'), (N'819', N'Mongo', N'Wong Wai Man', N'23', N'2012-07-18', N'202.896231037658', N'15', N'1', N'2013-02-13'), (N'820', N'xStrawberry', N'Fong Ka Keung', N'14', N'2018-06-08', N'41.0003709739596', N'7', N'1', N'2002-02-18'), (N'821', N'Strawberry elite', N'Russell Stone', N'13', N'2005-03-23', N'495.276284991756', N'3', N'1', N'2012-03-18'), (N'822', N'Oranye', N'Yamazaki Kasumi', N'12', N'2009-12-25', N'352.48064036038', N'24', N'1', N'2007-07-08'), (N'823', N'Raspberry', N'Yuen Ho Yin', N'7', N'2006-09-10', N'833.518388151044', N'36', N'1', N'2020-09-13'), (N'824', N'Apple', N'Lu Yuning', N'22', N'2009-04-12', N'144.648501766523', N'49', N'1', N'2013-09-18'), (N'825', N'Apqle', N'Tang Lan', N'2', N'2023-06-23', N'792.987867870941', N'25', N'1', N'2021-07-06'), (N'826', N'Rambutan', N'Edward Castro', N'17', N'2001-12-16', N'168.117140798873', N'3', N'1', N'2018-08-27'), (N'827', N'Orange', N'Tan Rui', N'23', N'2021-08-04', N'892.88982122415', N'20', N'1', N'2016-03-17'), (N'828', N'omni-miwi', N'He Shihan', N'26', N'2003-07-31', N'414.509380149354', N'10', N'1', N'2008-09-29'), (N'829', N'npple', N'Yeung Sze Kwan', N'25', N'2011-08-23', N'304.684802298998', N'41', N'1', N'2006-07-28'), (N'830', N'ambi-qrape', N'Wong Ching Wan', N'5', N'2004-08-30', N'513.157489452333', N'2', N'1', N'2015-10-03'), (N'831', N'Strdwberry air', N'Tanaka Ayato', N'5', N'2019-10-22', N'354.626298645131', N'40', N'1', N'2005-03-26'), (N'832', N'Orange', N'Qin Ziyi', N'8', N'2021-10-01', N'129.434321274769', N'19', N'1', N'2004-03-20'), (N'833', N'Rambutan', N'Tsui Ming', N'29', N'2007-05-31', N'105.452881395378', N'28', N'1', N'2016-03-14'), (N'834', N'Grape air', N'Mao Yunxi', N'21', N'2002-05-02', N'464.468399288302', N'5', N'1', N'2004-06-10'), (N'835', N'aambutan', N'Hu Lan', N'21', N'2014-03-17', N'599.208467665159', N'27', N'1', N'2017-02-13'), (N'836', N'Orange premium', N'Yeung Wing Sze', N'24', N'2022-11-07', N'574.170413925472', N'32', N'1', N'2018-04-09'), (N'837', N'ultra-Rambutan', N'Tang Chun Yu', N'20', N'2014-09-08', N'468.668402894375', N'42', N'1', N'2022-04-30'), (N'838', N'Msngo', N'Wei Xiaoming', N'24', N'2018-12-22', N'234.84772889754', N'0', N'1', N'2023-05-05'), (N'839', N'Orange', N'Yan Rui', N'25', N'2011-11-19', N'340.368939719824', N'1', N'1', N'2015-08-21'), (N'840', N'ambi-Raspberry', N'Ashley Russell', N'9', N'2015-11-02', N'842.719538731273', N'44', N'1', N'2020-08-03'), (N'841', N'dluots', N'Aaron Roberts', N'12', N'2001-12-23', N'218.334469001217', N'38', N'1', N'2011-12-20'), (N'842', N'Oradge pro', N'Qiu Shihan', N'19', N'2021-12-31', N'397.389140622516', N'44', N'1', N'2003-12-03'), (N'843', N'xMsngo', N'Shi Yunxi', N'6', N'2010-08-16', N'141.0297834391', N'6', N'1', N'2004-01-12'), (N'844', N'mpple', N'Zhu Lu', N'26', N'2010-02-17', N'268.597576189067', N'17', N'1', N'2015-10-30'), (N'845', N'Pluwts', N'Yip Kwok Wing', N'4', N'2019-07-27', N'10.668206528201', N'35', N'1', N'2023-05-29'), (N'846', N'Apple pro', N'Peng Rui', N'18', N'2012-04-05', N'307.242909031065', N'11', N'1', N'2023-05-15'), (N'847', N'Strkwberry core', N'Zeng Shihan', N'8', N'2000-12-23', N'740.685815728798', N'20', N'1', N'2012-12-19'), (N'848', N'xOrange', N'Yuen Wing Sze', N'28', N'2022-04-08', N'671.298176509343', N'40', N'1', N'2016-05-06'), (N'849', N'Apple se', N'Nakajima Momoe', N'17', N'2014-03-09', N'556.015818101339', N'11', N'1', N'2023-03-06'), (N'850', N'Grape pi', N'Koon Wing Suen', N'15', N'2014-10-05', N'931.979182758613', N'28', N'1', N'2018-12-17'), (N'851', N'Mqngo core', N'Tsui Sze Kwan', N'10', N'2014-08-11', N'734.326443674763', N'36', N'1', N'2019-12-23'), (N'852', N'Oranue', N'Au Chieh Lun', N'16', N'2011-01-26', N'843.112184260747', N'19', N'1', N'2006-05-26'), (N'853', N'iKiwi', N'Anna West', N'16', N'2000-04-14', N'134.471781983803', N'42', N'1', N'2010-09-29'), (N'854', N'sherry elite', N'Jamie Crawford', N'27', N'2006-07-20', N'37.2620908228045', N'9', N'1', N'2005-10-29'), (N'855', N'Raspberry plus', N'Brandon Owens', N'7', N'2014-10-31', N'848.840284474378', N'41', N'1', N'2001-02-26'), (N'856', N'ambi-drange', N'Bradley Schmidt', N'28', N'2014-09-29', N'782.185284521497', N'49', N'1', N'2019-07-06'), (N'857', N'Ramiutan', N'Kimura Miu', N'5', N'2009-07-09', N'225.222788705755', N'42', N'1', N'2017-01-07'), (N'858', N'Pluots', N'Fong Wai Man', N'27', N'2012-09-16', N'637.921310702087', N'17', N'1', N'2019-10-21'), (N'859', N'otrawberry', N'Jeff Soto', N'27', N'2018-11-03', N'94.7741268704906', N'50', N'1', N'2015-01-04'), (N'860', N'Grape', N'Shibata Sara', N'10', N'2005-06-19', N'826.889122518654', N'16', N'1', N'2001-03-19'), (N'861', N'xztrawberry', N'Lui Wing Sze', N'28', N'2015-02-15', N'247.741116639369', N'13', N'1', N'2007-03-21'), (N'862', N'Pluots', N'Linda Woods', N'4', N'2017-07-12', N'438.811976469884', N'13', N'1', N'2008-12-03'), (N'863', N'Rambuttn', N'Randall Davis', N'25', N'2012-01-08', N'849.133812110631', N'31', N'1', N'2019-01-13'), (N'864', N'Orvnge', N'Alfred Soto', N'16', N'2012-03-23', N'705.291410367832', N'36', N'1', N'2011-09-18'), (N'865', N'omni-Rambutan', N'Doris Webb', N'5', N'2013-02-26', N'71.6282711830162', N'30', N'1', N'2017-03-16'), (N'866', N'ambi-Apple', N'Benjamin Lopez', N'15', N'2003-04-09', N'201.75313480917', N'24', N'1', N'2020-10-26'), (N'867', N'Chgrry', N'Morita Mio', N'8', N'2012-12-12', N'3.51066563034011', N'30', N'1', N'2001-01-19'), (N'868', N'Pluojs', N'Masuda Tsubasa', N'19', N'2024-02-27', N'629.494848732266', N'27', N'1', N'2018-06-28'), (N'869', N'krange', N'Liu Shihan', N'0', N'2002-10-13', N'248.933647287139', N'22', N'1', N'2008-06-01'), (N'870', N'Orange pi', N'Rebecca Kelly', N'9', N'2004-02-05', N'904.947809826408', N'17', N'1', N'2011-04-19'), (N'871', N'ultra-Oaange', N'Yao Zhennan', N'9', N'2005-11-17', N'356.205794684174', N'4', N'1', N'2021-05-18'), (N'872', N'Orange', N'Tang Zhennan', N'15', N'2023-03-20', N'952.752970219727', N'12', N'1', N'2010-01-19'), (N'873', N'Raspberry', N'Fukuda Ayato', N'25', N'2000-02-21', N'95.446692549679', N'24', N'1', N'2016-05-31'), (N'874', N'Cherry', N'Yamashita Ren', N'12', N'2023-03-30', N'296.965016159206', N'28', N'1', N'2016-09-26'), (N'875', N'Cherry pro', N'Maruyama Kasumi', N'22', N'2018-07-14', N'876.961080916904', N'9', N'1', N'2010-06-18'), (N'876', N'Raspberry', N'Yeung Wai Man', N'12', N'2022-10-26', N'856.725489843033', N'23', N'1', N'2022-02-24'), (N'877', N'Cherjy plus', N'Zhao Jialun', N'12', N'2023-09-10', N'734.258487804905', N'22', N'1', N'2022-07-06'), (N'878', N'Cherry mini', N'Sun Jiehong', N'7', N'2004-02-06', N'217.937243294616', N'43', N'1', N'2007-04-04'), (N'879', N'Cherry', N'Clifford Rose', N'25', N'2023-03-05', N'239.331051703682', N'29', N'1', N'2007-01-08'), (N'880', N'Raspbemry pro', N'Benjamin Ferguson', N'4', N'2009-05-18', N'20.0417450523991', N'33', N'1', N'2001-01-05'), (N'881', N'Oranee', N'Melissa Howard', N'9', N'2020-07-25', N'485.412336011206', N'33', N'1', N'2018-10-14'), (N'882', N'Cheury', N'Sakurai Hazuki', N'5', N'2018-09-26', N'937.026808679975', N'40', N'1', N'2011-04-18'), (N'883', N'Pluots air', N'Yan Shihan', N'8', N'2002-04-27', N'758.561177739742', N'19', N'1', N'2020-10-17'), (N'884', N'kluots', N'Nakajima Ayano', N'8', N'2002-12-15', N'59.278124789328', N'48', N'1', N'2012-07-25'), (N'885', N'Strawberry pi', N'Zhou Ziyi', N'1', N'2008-05-30', N'733.28561617451', N'20', N'1', N'2019-02-06'), (N'886', N'Orange', N'Randall Vasquez', N'5', N'2013-04-02', N'72.3243322668428', N'4', N'1', N'2003-12-15'), (N'887', N'liwi', N'Lawrence Lewis', N'8', N'2015-03-25', N'219.653365148021', N'29', N'1', N'2002-03-06'), (N'888', N'Oradge pro', N'Shen Jialun', N'23', N'2014-08-07', N'742.853516011936', N'26', N'1', N'2019-11-13'), (N'889', N'rango elite', N'Walter Barnes', N'22', N'2013-03-05', N'99.0722459142532', N'8', N'1', N'2000-03-10'), (N'890', N'Strawberry', N'Liang Zitao', N'5', N'2010-02-14', N'286.716060310685', N'35', N'1', N'2013-10-31'), (N'891', N'Strawberry', N'Nomura Mai', N'3', N'2015-09-20', N'393.866175122639', N'26', N'1', N'2019-06-29'), (N'892', N'Kisi', N'Du Lu', N'27', N'2013-10-07', N'655.512028919811', N'45', N'1', N'2021-08-25'), (N'893', N'Pluots premium', N'Song Jiehong', N'2', N'2002-11-05', N'634.49994338865', N'21', N'1', N'2003-03-25'), (N'894', N'Orange', N'Beverly Castro', N'20', N'2021-04-11', N'275.922239799077', N'45', N'1', N'2015-04-01'), (N'895', N'xiiwi', N'George Robinson', N'6', N'2002-03-07', N'767.270330282454', N'7', N'1', N'2012-10-18'), (N'896', N'Orange', N'Jeffrey Stewart', N'11', N'2016-07-18', N'809.19200752308', N'22', N'1', N'2009-08-02'), (N'897', N'Pliots premium', N'Imai Kazuma', N'20', N'2023-11-19', N'825.409755403427', N'43', N'1', N'2008-01-17'), (N'898', N'iRaspberry', N'Jennifer Sanchez', N'30', N'2000-02-12', N'810.550297358991', N'4', N'1', N'2002-01-15'), (N'899', N'ultra-Strawrerry', N'Wan Kar Yan', N'5', N'2004-07-14', N'245.707156977784', N'11', N'1', N'2006-03-10'), (N'900', N'Razbutan elite', N'Christopher James', N'19', N'2006-04-19', N'143.638151228883', N'39', N'1', N'2016-06-10')
GO

INSERT INTO [dbo].[BaiHat] ([ID], [TenBaiHat], [TenTacGia], [ThoiLuong], [NgaySanXuat], [Gia], [CaSiID], [PhatHanhDia], [NgayRaMat]) VALUES (N'901', N'Raspberry se', N'Chang Ziyi', N'15', N'2024-01-23', N'779.348406342419', N'10', N'1', N'2011-07-11'), (N'902', N'Strawberry', N'Kikuchi Riku', N'17', N'2004-09-17', N'966.41133008851', N'21', N'1', N'2008-10-23'), (N'903', N'Mango', N'Robin Johnson', N'18', N'2019-04-20', N'167.038160963511', N'19', N'1', N'2002-08-28'), (N'904', N'Grape', N'Matsuda Riku', N'6', N'2020-05-08', N'922.13748030559', N'3', N'1', N'2020-09-23'), (N'905', N'ambi-Mmngo', N'Richard Ellis', N'25', N'2022-02-09', N'165.788319199891', N'31', N'1', N'2000-11-21'), (N'906', N'upple', N'Lu Xiaoming', N'14', N'2012-05-15', N'425.126093350401', N'14', N'1', N'2012-09-16'), (N'907', N'Apple', N'Lai Ching Wan', N'10', N'2023-07-18', N'816.461646207004', N'25', N'1', N'2022-09-22'), (N'908', N'ultra-Rrmbutan', N'Shi Xiaoming', N'13', N'2018-05-04', N'425.529145001894', N'28', N'1', N'2004-10-30'), (N'909', N'ambi-Cherry', N'Ma Jialun', N'16', N'2019-08-02', N'205.894160821966', N'9', N'1', N'2007-12-28'), (N'910', N'Grape', N'So Wai San', N'14', N'2000-05-17', N'996.793341407543', N'22', N'1', N'2011-08-04'), (N'911', N'Raspberry', N'Yung Kwok Wing', N'19', N'2022-08-20', N'996.503547238464', N'37', N'1', N'2008-10-25'), (N'912', N'Pkuots', N'Heung Hui Mei', N'24', N'2002-11-08', N'756.212045636689', N'48', N'1', N'2011-06-18'), (N'913', N'Manho pro', N'Carrie Jones', N'1', N'2023-12-23', N'183.792478059006', N'20', N'1', N'2011-06-01'), (N'914', N'iOrsnge', N'Cynthia Miller', N'7', N'2022-08-28', N'964.350289517989', N'30', N'1', N'2021-09-08'), (N'915', N'Strawberry', N'Nakayama Momoka', N'26', N'2005-07-13', N'854.989507722883', N'11', N'1', N'2001-05-15'), (N'916', N'Raspberyy', N'Liao Xiuying', N'19', N'2011-01-04', N'920.03469116205', N'32', N'1', N'2007-12-10'), (N'917', N'Mango plus', N'Kimberly Fernandez', N'24', N'2015-11-29', N'735.637359688837', N'8', N'1', N'2003-09-09'), (N'918', N'Mango pi', N'Stephen Butler', N'9', N'2018-07-13', N'837.302568596276', N'5', N'1', N'2012-10-24'), (N'919', N'Grape air', N'Mok Kwok Kuen', N'16', N'2006-11-27', N'533.371738822519', N'23', N'1', N'2002-05-10'), (N'920', N'Apple', N'Cai Yunxi', N'2', N'2008-03-29', N'849.936574199991', N'24', N'1', N'2021-03-25'), (N'921', N'Rambutan', N'Jiang Jialun', N'12', N'2008-07-10', N'742.435065173231', N'31', N'1', N'2019-09-29'), (N'922', N'Cherry', N'Qin Anqi', N'4', N'2022-02-28', N'597.521680737828', N'50', N'1', N'2010-02-19'), (N'923', N'Raspberry', N'Uchida Tsubasa', N'18', N'2018-02-04', N'281.761176627318', N'47', N'1', N'2008-08-22'), (N'924', N'Apple pi', N'Ogawa Miu', N'30', N'2017-10-19', N'353.767247706069', N'21', N'1', N'2022-03-29'), (N'925', N'iPlugts', N'Fan Chun Yu', N'8', N'2010-06-17', N'843.461058943642', N'46', N'1', N'2021-09-27'), (N'926', N'Raspberry', N'Sano Aoshi', N'1', N'2015-01-30', N'384.784012764903', N'40', N'1', N'2003-10-08'), (N'927', N'Rambutan', N'Loui Sze Kwan', N'14', N'2004-09-19', N'437.120315707482', N'18', N'1', N'2014-11-24'), (N'928', N'Rospberry', N'Saito Sakura', N'29', N'2012-10-09', N'817.598902070892', N'50', N'1', N'2018-06-26'), (N'929', N'Strawbirry', N'Masuda Sara', N'7', N'2018-02-26', N'107.292395411576', N'12', N'1', N'2024-01-09'), (N'930', N'iMango', N'Wanda Ryan', N'7', N'2017-04-01', N'486.428118026379', N'39', N'1', N'2023-09-04'), (N'931', N'Pluots mini', N'Helen Roberts', N'24', N'2017-11-20', N'888.147410684465', N'13', N'1', N'2013-09-11'), (N'932', N'Strawberry air', N'Deng Yuning', N'22', N'2008-06-02', N'30.2071025480689', N'8', N'1', N'2018-03-04'), (N'933', N'ultra-Kiqi', N'Zheng Yuning', N'6', N'2015-02-06', N'628.393973391352', N'9', N'1', N'2013-03-10'), (N'934', N'Orange premium', N'Yoshida Tsubasa', N'15', N'2005-07-16', N'365.354766560637', N'11', N'1', N'2004-01-19'), (N'935', N'Mango', N'Qiu Ziyi', N'16', N'2000-03-11', N'690.018608543096', N'49', N'1', N'2003-01-19'), (N'936', N'Mango se', N'Kelly Garcia', N'28', N'2016-08-11', N'875.419581044165', N'32', N'1', N'2002-02-15'), (N'937', N'xCgerry', N'Robin Hayes', N'18', N'2006-06-04', N'595.241058362034', N'8', N'1', N'2007-05-17'), (N'938', N'ultra-Apple', N'Nishimura Kenta', N'26', N'2020-04-25', N'472.61661380624', N'2', N'1', N'2007-01-18'), (N'939', N'Rambutin', N'Ichikawa Momoe', N'26', N'2024-03-10', N'586.414141188961', N'7', N'1', N'2005-11-13'), (N'940', N'Cherry pro', N'Jane Burns', N'0', N'2018-08-31', N'804.627514824466', N'33', N'1', N'2021-03-22'), (N'941', N'Mqngo', N'Noguchi Rena', N'23', N'2014-05-20', N'440.1131278608', N'28', N'1', N'2014-05-13'), (N'942', N'Rambutan', N'Lu Xiaoming', N'26', N'2012-12-14', N'629.005415737688', N'12', N'1', N'2019-08-26'), (N'943', N'iMacgo', N'Hirano Tsubasa', N'4', N'2004-06-02', N'733.553690138351', N'7', N'1', N'2004-02-10'), (N'944', N'ambi-Mango', N'Chan Tsz Ching', N'2', N'2018-04-01', N'737.29668325494', N'25', N'1', N'2022-02-03'), (N'945', N'dpple plus', N'Kenneth Bailey', N'22', N'2022-11-05', N'281.570732739459', N'41', N'1', N'2008-07-13'), (N'946', N'Mango pi', N'Noguchi Yuito', N'22', N'2021-06-19', N'831.571625171541', N'35', N'1', N'2008-01-22'), (N'947', N'Pluows mini', N'Joel Shaw', N'29', N'2011-03-29', N'555.328960161347', N'0', N'1', N'2004-10-18'), (N'948', N'omni-Raspbirry', N'Tam Lai Yan', N'20', N'2011-05-07', N'982.396836821646', N'16', N'1', N'2021-12-01'), (N'949', N'Klwi', N'Hara Yota', N'1', N'2016-12-19', N'625.626090527487', N'3', N'1', N'2018-07-08'), (N'950', N'brape', N'Yamamoto Hikaru', N'29', N'2021-09-04', N'379.429958769199', N'17', N'1', N'2011-02-16'), (N'951', N'Kiwi plus', N'Xiang Anqi', N'10', N'2002-02-03', N'337.849001572525', N'41', N'1', N'2001-06-30'), (N'952', N'Mango', N'He Jialun', N'10', N'2022-02-03', N'548.437115224773', N'5', N'1', N'2016-08-04'), (N'953', N'Grape', N'Tian Yunxi', N'16', N'2008-10-18', N'717.066339746751', N'28', N'1', N'2021-06-04'), (N'954', N'apple pi', N'Randy Mills', N'6', N'2016-04-01', N'949.2389967474', N'17', N'1', N'2006-03-30'), (N'955', N'Kiwi', N'Jin Xiaoming', N'18', N'2007-06-09', N'933.758103779254', N'16', N'1', N'2006-07-05'), (N'956', N'ambi-Strawberry', N'Yuen Sze Kwan', N'4', N'2023-01-29', N'157.683190889578', N'5', N'1', N'2003-10-23'), (N'957', N'Cherry', N'Choi Ka Keung', N'16', N'2019-08-25', N'837.883714154475', N'23', N'1', N'2009-06-20'), (N'958', N'Orange elite', N'Wei Yuning', N'27', N'2017-02-07', N'216.443573016846', N'15', N'1', N'2010-03-28'), (N'959', N'Orange', N'Cui Zhiyuan', N'17', N'2017-12-23', N'724.796941720338', N'48', N'1', N'2012-01-19'), (N'960', N'Raspberry', N'Elizabeth Hughes', N'5', N'2024-01-11', N'427.881201463979', N'33', N'1', N'2012-09-29'), (N'961', N'Rambutan', N'Rodney Jimenez', N'15', N'2011-05-08', N'642.849188558735', N'22', N'1', N'2022-03-21'), (N'962', N'Orange', N'Shen Shihan', N'29', N'2020-02-27', N'216.882419130174', N'42', N'1', N'2001-04-29'), (N'963', N'Rambulan plus', N'Shi Xiaoming', N'29', N'2015-01-26', N'413.564443589964', N'23', N'1', N'2023-08-09'), (N'964', N'Raspberry', N'Cho Sze Kwan', N'14', N'2023-07-28', N'573.684728558549', N'32', N'1', N'2002-11-28'), (N'965', N'Cherry', N'Carrie Ramos', N'3', N'2009-06-05', N'471.674497335434', N'41', N'1', N'2023-11-17'), (N'966', N'ultra-Cherry', N'Lin Rui', N'25', N'2021-02-02', N'816.770717044984', N'38', N'1', N'2015-10-27'), (N'967', N'Cherry', N'Dennis Carter', N'24', N'2001-01-05', N'132.836039988907', N'19', N'1', N'2020-12-01'), (N'968', N'Cherry', N'Noguchi Hikari', N'18', N'2005-02-25', N'117.402579109604', N'28', N'1', N'2008-07-31'), (N'969', N'Apple', N'Jeffery Clark', N'5', N'2021-12-03', N'598.012693867564', N'35', N'1', N'2007-10-19'), (N'970', N'ambi-Plyots', N'Qiu Ziyi', N'16', N'2004-12-18', N'835.472354035314', N'22', N'1', N'2000-02-26'), (N'971', N'Grape', N'Nakano Hikari', N'4', N'2016-02-06', N'748.341978166646', N'44', N'1', N'2018-07-17'), (N'972', N'Strawberry core', N'Yuen Hiu Tung', N'22', N'2008-11-12', N'345.799168387316', N'41', N'1', N'2018-12-30'), (N'973', N'Mango', N'Brandon Wells', N'9', N'2017-03-23', N'653.237340007487', N'15', N'1', N'2014-04-22'), (N'974', N'dango', N'Francisco Howard', N'26', N'2004-05-28', N'40.5993476814812', N'11', N'1', N'2020-04-12'), (N'975', N'omni-Cherry', N'Fan Siu Wai', N'14', N'2013-07-23', N'207.333114032091', N'34', N'1', N'2019-11-04'), (N'976', N'Apple air', N'Sasaki Airi', N'13', N'2010-08-24', N'159.832445673489', N'48', N'1', N'2016-04-06'), (N'977', N'Rgspberry', N'Yamashita Misaki', N'14', N'2022-02-11', N'943.168292812515', N'45', N'1', N'2002-02-09'), (N'978', N'Pluots plus', N'Takeda Momoka', N'24', N'2011-11-03', N'896.281423580786', N'50', N'1', N'2023-07-19'), (N'979', N'ambi-Mango', N'Yamashita Aoi', N'30', N'2015-07-14', N'488.752725768141', N'29', N'1', N'2021-12-26'), (N'980', N'Ozange', N'Zhang Jiehong', N'9', N'2021-06-04', N'921.87675675971', N'16', N'1', N'2005-05-03'), (N'981', N'Rambutan', N'Lui Sze Kwan', N'30', N'2012-03-09', N'569.123625871284', N'8', N'1', N'2009-07-13'), (N'982', N'qtrawberry mini', N'Tang Lu', N'21', N'2010-08-18', N'796.148769912126', N'11', N'1', N'2002-02-08'), (N'983', N'Orange pi', N'Cao Jialun', N'6', N'2001-02-09', N'453.846078388881', N'21', N'1', N'2020-05-24'), (N'984', N'Strawberry', N'Jean Black', N'19', N'2013-08-11', N'556.556254945752', N'12', N'1', N'2006-06-16'), (N'985', N'wtrawberry', N'Long Lan', N'3', N'2019-08-05', N'869.603429521625', N'44', N'1', N'2011-03-24'), (N'986', N'Cherry pro', N'Carl Cole', N'24', N'2016-02-09', N'451.233306380158', N'20', N'1', N'2015-01-04'), (N'987', N'Rambutan', N'Noguchi Sara', N'23', N'2013-12-09', N'894.222377117797', N'43', N'1', N'2004-12-06'), (N'988', N'vrange pi', N'Mario Bennett', N'8', N'2009-08-04', N'694.344923538383', N'22', N'1', N'2004-10-28'), (N'989', N'trape', N'Nishimura Miu', N'2', N'2011-04-11', N'570.71339750473', N'35', N'1', N'2014-08-15'), (N'990', N'xStrawberry', N'Kam Wai San', N'15', N'2010-05-20', N'567.192175935395', N'20', N'1', N'2002-04-07'), (N'991', N'Racbutan plus', N'Cho Ching Wan', N'28', N'2021-12-30', N'717.513211751866', N'20', N'1', N'2005-04-29'), (N'992', N'vango', N'Andrew Griffin', N'3', N'2008-02-10', N'546.480479566531', N'16', N'1', N'2006-10-24'), (N'993', N'Cherry', N'Edward Alexander', N'24', N'2020-11-02', N'431.470573772982', N'32', N'1', N'2002-07-20'), (N'994', N'Oranqe', N'Tang Chieh Lun', N'20', N'2018-07-22', N'951.124143604954', N'2', N'1', N'2011-07-26'), (N'995', N'Raspbehry air', N'Clarence Nichols', N'24', N'2004-03-29', N'579.042021717188', N'47', N'1', N'2011-04-13'), (N'996', N'Pluots', N'Ying On Na', N'27', N'2021-01-04', N'695.229391363938', N'36', N'1', N'2003-05-29'), (N'997', N'Myngo pro', N'Ye Lu', N'22', N'2022-07-27', N'535.521184887096', N'6', N'1', N'2015-12-23'), (N'998', N'Pluots air', N'Xie Anqi', N'10', N'2006-05-29', N'889.91028557642', N'11', N'1', N'2008-06-30'), (N'999', N'iRambntan', N'Yuen Chieh Lun', N'15', N'2007-08-06', N'802.485796791596', N'10', N'1', N'2004-06-16'), (N'1000', N'Grape core', N'Herbert Garza', N'29', N'2010-03-06', N'789.435431879423', N'9', N'1', N'2019-05-06')
GO

SET IDENTITY_INSERT [dbo].[BaiHat] OFF
GO

COMMIT
GO


-- ----------------------------
-- Table structure for Ban
-- ----------------------------
IF EXISTS (SELECT * FROM sys.all_objects WHERE object_id = OBJECT_ID(N'[dbo].[Ban]') AND type IN ('U'))
	DROP TABLE [dbo].[Ban]
GO

CREATE TABLE [dbo].[Ban] (
  [ID] int  IDENTITY(1,1) NOT NULL,
  [Ma] varchar(20) COLLATE SQL_Latin1_General_CP1_CI_AS  NULL,
  [Ten] nvarchar(30) COLLATE SQL_Latin1_General_CP1_CI_AS  NULL,
  [SoThich] nvarchar(30) COLLATE SQL_Latin1_General_CP1_CI_AS  NULL,
  [GioiTinh] int  NULL,
  [IdMQH] int  NULL,
  [TrangThai] int  NULL
)
GO

ALTER TABLE [dbo].[Ban] SET (LOCK_ESCALATION = TABLE)
GO


-- ----------------------------
-- Records of Ban
-- ----------------------------
BEGIN TRANSACTION
GO

SET IDENTITY_INSERT [dbo].[Ban] ON
GO

INSERT INTO [dbo].[Ban] ([ID], [Ma], [Ten], [SoThich], [GioiTinh], [IdMQH], [TrangThai]) VALUES (N'1', N'IQ49841', N'Fu Ming', N'Kiwi core', N'1', N'24', N'0'), (N'2', N'SZ31241', N'Fan Hiu Tung', N'Gqape air', N'0', N'31', N'1'), (N'3', N'NO50803', N'Qian Lan', N'Aiple', N'0', N'49', N'0'), (N'4', N'RG97742', N'Yue Ling Ling', N'Kimi core', N'1', N'23', N'1'), (N'5', N'HA42763', N'Du Yunxi', N'ambi-Strawberry', N'1', N'43', N'1'), (N'6', N'KG70169', N'Zhong Xiuying', N'Mango premium', N'0', N'22', N'1'), (N'7', N'EP06048', N'Cheung Wing Fat', N'Mango', N'0', N'9', N'0'), (N'8', N'GA34435', N'Eric Boyd', N'Grape', N'1', N'10', N'0'), (N'9', N'KL89900', N'Kaneko Hana', N'Strawbnrry core', N'0', N'35', N'0'), (N'10', N'ZH43293', N'Takahashi Sara', N'Mwngo elite', N'1', N'4', N'1'), (N'11', N'GS50068', N'Ann Wood', N'Orange', N'0', N'45', N'1'), (N'12', N'IY15434', N'Michael Meyer', N'Pluots', N'0', N'32', N'1'), (N'13', N'AR18360', N'Dong Shihan', N'Mango', N'1', N'25', N'1'), (N'14', N'OL83474', N'Hashimoto Sakura', N'grape', N'0', N'29', N'1'), (N'15', N'VG56401', N'Zhong Anqi', N'Orznge premium', N'0', N'7', N'1'), (N'16', N'PM11848', N'Au Tsz Hin', N'Rambutan pi', N'0', N'4', N'0'), (N'17', N'EO38660', N'Kwok Tak Wah', N'Margo', N'0', N'46', N'0'), (N'18', N'YW91807', N'Qiu Zitao', N'iango', N'1', N'44', N'0'), (N'19', N'TT98261', N'Du Xiuying', N'Pluots', N'1', N'40', N'1'), (N'20', N'UF50058', N'Kevin Butler', N'ultra-Chxrry', N'0', N'36', N'1'), (N'21', N'YD15899', N'Kimura Airi', N'xPluots', N'1', N'38', N'0'), (N'22', N'HH35930', N'Meng Lan', N'Orange premium', N'0', N'18', N'1'), (N'23', N'HC24234', N'Lawrence Mitchell', N'xCherry', N'0', N'13', N'1'), (N'24', N'IJ08988', N'Joanne Black', N'Apple se', N'0', N'23', N'1'), (N'25', N'FC22334', N'Inoue Kenta', N'Chrrry', N'0', N'17', N'1'), (N'26', N'II30780', N'Dale Guzman', N'Raspberry', N'0', N'31', N'1'), (N'27', N'AG05443', N'Fang Lan', N'Strawberry', N'1', N'27', N'1'), (N'28', N'UL81502', N'Tian Zhennan', N'Rambutan', N'0', N'29', N'0'), (N'29', N'MG85363', N'Jacob Roberts', N'Strawberzy', N'1', N'40', N'1'), (N'30', N'TA45289', N'Doris Jackson', N'Rambutan', N'0', N'34', N'0'), (N'31', N'LW83782', N'Tse Siu Wai', N'Strawberry pro', N'1', N'30', N'1'), (N'32', N'UL87934', N'Tian Yuning', N'Raspberry premium', N'1', N'34', N'0'), (N'33', N'YH28109', N'Ng Cho Yee', N'Pluots', N'0', N'29', N'1'), (N'34', N'WU97120', N'Maeda Miu', N'oango', N'1', N'16', N'1'), (N'35', N'BJ09771', N'Phyllis Chen', N'xstrawberry', N'0', N'7', N'1'), (N'36', N'XJ60948', N'Timothy Ford', N'Raspberry se', N'1', N'37', N'1'), (N'37', N'GM55238', N'Annie Myers', N'Kiwi', N'1', N'9', N'0'), (N'38', N'DT12878', N'Sheh Kwok Ming', N'Mango', N'1', N'17', N'1'), (N'39', N'VT68156', N'Tammy Baker', N'Apple', N'0', N'17', N'0'), (N'40', N'CI88495', N'Angela Williams', N'Kiwi', N'1', N'12', N'1'), (N'41', N'HE16662', N'Takeda Aoshi', N'Grape', N'1', N'27', N'1'), (N'42', N'EF98702', N'Yang Shihan', N'omni-ypple', N'1', N'24', N'1'), (N'43', N'BI69843', N'Shi Rui', N'Mango pro', N'0', N'12', N'0'), (N'44', N'WK18974', N'Arai Ren', N'Sarawberry elite', N'1', N'16', N'0'), (N'45', N'VC07760', N'Lu Jiehong', N'Strawnerry', N'0', N'37', N'1'), (N'46', N'NQ81250', N'Nakagawa Rin', N'hango', N'0', N'17', N'0'), (N'47', N'OO36055', N'Lok Sze Yu', N'ambi-Kiwi', N'1', N'26', N'1'), (N'48', N'DD42427', N'Inoue Hikaru', N'xrange', N'1', N'20', N'0'), (N'49', N'EP21753', N'Chu On Kay', N'Pluobs', N'1', N'16', N'1'), (N'50', N'IS69594', N'Han Fu Shing', N'Apple', N'1', N'13', N'0')
GO

SET IDENTITY_INSERT [dbo].[Ban] OFF
GO

COMMIT
GO


-- ----------------------------
-- Table structure for CaSi
-- ----------------------------
IF EXISTS (SELECT * FROM sys.all_objects WHERE object_id = OBJECT_ID(N'[dbo].[CaSi]') AND type IN ('U'))
	DROP TABLE [dbo].[CaSi]
GO

CREATE TABLE [dbo].[CaSi] (
  [ID] int  IDENTITY(1,1) NOT NULL,
  [TenCaSi] nvarchar(100) COLLATE SQL_Latin1_General_CP1_CI_AS  NULL,
  [QueQuan] nvarchar(100) COLLATE SQL_Latin1_General_CP1_CI_AS  NULL,
  [Tuoi] int  NULL,
  [CongTy] nvarchar(100) COLLATE SQL_Latin1_General_CP1_CI_AS  NULL,
  [SDT] varchar(20) COLLATE SQL_Latin1_General_CP1_CI_AS  NULL,
  [GioiTinh] bit  NULL
)
GO

ALTER TABLE [dbo].[CaSi] SET (LOCK_ESCALATION = TABLE)
GO


-- ----------------------------
-- Records of CaSi
-- ----------------------------
BEGIN TRANSACTION
GO

SET IDENTITY_INSERT [dbo].[CaSi] ON
GO

INSERT INTO [dbo].[CaSi] ([ID], [TenCaSi], [QueQuan], [Tuoi], [CongTy], [SDT], [GioiTinh]) VALUES (N'1', N'Takada Tsubasa', N'Cambridge', N'23', N'Ng Kee Property Limited', N'7546 017185', N'1'), (N'2', N'Pan Ziyi', N'Chengdu', N'30', N'Ann Food LLC', N'28-9025-0774', N'0'), (N'3', N'Chu Hiu Tung', N'Columbus', N'14', N'Akina Corporation', N'614-436-9934', N'0'), (N'4', N'Christina Collins', N'Guangzhou', N'39', N'Jenkins LLC', N'189-9431-5932', N'0'), (N'5', N'Tsang On Kay', N'London', N'41', N'Daichi Electronic Corporation', N'(20) 2742 2087', N'0'), (N'6', N'Choi Chi Yuen', N'Tokyo', N'30', N'Fukuda Residence Corporation', N'70-5627-1691', N'1'), (N'7', N'Ralph Grant', N'Leicester', N'27', N'Rose Technology LLC', N'7798 661902', N'0'), (N'8', N'Koon Ka Ming', N'Shanghai', N'30', N'Tsubasa Food Corporation', N'144-3608-2846', N'1'), (N'9', N'Lai Tin Lok', N'Birmingham', N'48', N'Takeuchi Electronic Corporation', N'5124 668986', N'1'), (N'10', N'Martin Palmer', N'Brooklyn', N'44', N'Yan Kee Pharmaceutical Company Limited', N'718-875-3922', N'1'), (N'11', N'Zhang Jiehong', N'Akron', N'5', N'Hikaru Logistic Corporation', N'330-885-0331', N'0'), (N'12', N'Kwok Ka Fai', N'Akron', N'12', N'Tsui Kee Trading Limited', N'330-432-5294', N'0'), (N'13', N'Saito Yuna', N'Albany', N'3', N'Sara Pharmaceutical Corporation', N'838-492-3912', N'0'), (N'14', N'Yin Ka Ling', N'Cambridge', N'4', N'Nanami Corporation', N'5141 292032', N'0'), (N'15', N'Ueno Hazuki', N'Nagoya', N'45', N'Murata Corporation', N'52-665-4657', N'1'), (N'16', N'Ku Ka Ming', N'Manchester', N'5', N'Tucker Toy LLC', N'7671 496812', N'1'), (N'17', N'Ruby Smith', N'Guangzhou', N'35', N'Ryota Technology Corporation', N'192-2811-3513', N'0'), (N'18', N'Ogawa Rena', N'Guangzhou', N'28', N'Liao''s Engineering Limited', N'163-0836-4207', N'1'), (N'19', N'Ichikawa Shino', N'Manchester', N'7', N'Okamoto Communications Corporation', N'(161) 435 0161', N'1'), (N'20', N'Yokoyama Yuito', N'Brooklyn', N'22', N'Shino Pharmaceutical Corporation', N'718-765-1016', N'0'), (N'21', N'Okada Airi', N'Zhongshan', N'12', N'Suk Yee Limited', N'760-104-1850', N'0'), (N'22', N'Takeda Eita', N'Akron', N'26', N'Wells Brothers Consultants LLC', N'330-947-8936', N'0'), (N'23', N'Debbie Owens', N'Beijing', N'25', N'Chiu Wai Logistic Limited', N'10-1525-4024', N'1'), (N'24', N'Theodore Bailey', N'Shanghai', N'4', N'Martin LLC', N'171-9562-0984', N'1'), (N'25', N'Wu Wai Man', N'Nagoya', N'10', N'Anqi Development & Trading Company Limited', N'52-003-3142', N'1'), (N'26', N'Cao Jialun', N'Shanghai', N'9', N'Duan Kee Electronic Company Limited', N'196-9808-6517', N'0'), (N'27', N'Ye Zhiyuan', N'Manchester', N'34', N'Hashimoto Corporation', N'(161) 174 5877', N'1'), (N'28', N'Xue Lu', N'Brooklyn', N'17', N'Cho''s Logistic Limited', N'718-009-8219', N'1'), (N'29', N'Wada Seiko', N'Beijing', N'26', N'Miu Network Systems Corporation', N'10-359-7272', N'0'), (N'30', N'Lawrence Robinson', N'Dongguan', N'40', N'Lee''s Logistic Limited', N'188-5155-5892', N'0'), (N'31', N'Alan Hunter', N'Shenzhen', N'32', N'Nichols LLC', N'199-8356-3424', N'1'), (N'32', N'Fujita Ren', N'Leicester', N'44', N'Lan Network Systems Company Limited', N'(116) 877 4344', N'1'), (N'33', N'Ishii Hazuki', N'Cambridge', N'46', N'Hsuan''s Telecommunication Limited', N'5439 196591', N'1'), (N'34', N'Cheung Wing Kuen', N'Shenzhen', N'6', N'Fan Company Limited', N'131-0846-4232', N'0'), (N'35', N'Du Anqi', N'Tokyo', N'5', N'Simmons Brothers Inc.', N'70-8813-1063', N'0'), (N'36', N'Maria Holmes', N'Cambridge', N'1', N'Gonzalez''s Pharmaceutical Inc.', N'7767 540701', N'1'), (N'37', N'Mike Coleman', N'Dongguan', N'42', N'Yuning Company Limited', N'769-103-1591', N'0'), (N'38', N'Kwok Ling Ling', N'Shanghai', N'27', N'Ryota Corporation', N'21-075-5778', N'0'), (N'39', N'Koo Wing Sze', N'Oxford', N'19', N'Tang Electronic Company Limited', N'7872 406199', N'1'), (N'40', N'Su Yunxi', N'Leicester', N'24', N'Tucker LLC', N'(116) 335 2858', N'1'), (N'41', N'Wada Sakura', N'Nagoya', N'48', N'Yu Ling Limited', N'80-9545-2723', N'0'), (N'42', N'Matsuda Kaito', N'Shanghai', N'42', N'Lu Kee Development & Trading Company Limited', N'21-1032-5830', N'1'), (N'43', N'Mori Seiko', N'Brooklyn', N'40', N'Wang Kee Engineering Company Limited', N'718-217-7334', N'1'), (N'44', N'Tang Ziyi', N'Leicester', N'13', N'Tin Wing Limited', N'5791 562582', N'0'), (N'45', N'Au Chung Yin', N'Nara', N'11', N'Hina Logistic Corporation', N'80-3158-8485', N'0'), (N'46', N'Ota Rin', N'Liverpool', N'25', N'Kim Inc.', N'(151) 565 8132', N'1'), (N'47', N'Ye Anqi', N'Oxford', N'22', N'Tsz Ching Toy Limited', N'(1865) 13 1593', N'0'), (N'48', N'Ishida Yuito', N'Nagoya', N'37', N'Yunxi Food Company Limited', N'70-8414-9678', N'0'), (N'49', N'Ralph Carter', N'Dongguan', N'8', N'Hara Corporation', N'197-9512-7757', N'0'), (N'50', N'Ono Yamato', N'Albany', N'44', N'Lan Electronic Company Limited', N'838-340-4970', N'1')
GO

SET IDENTITY_INSERT [dbo].[CaSi] OFF
GO

COMMIT
GO


-- ----------------------------
-- Table structure for ChucVu
-- ----------------------------
IF EXISTS (SELECT * FROM sys.all_objects WHERE object_id = OBJECT_ID(N'[dbo].[ChucVu]') AND type IN ('U'))
	DROP TABLE [dbo].[ChucVu]
GO

CREATE TABLE [dbo].[ChucVu] (
  [ID] int  IDENTITY(1,1) NOT NULL,
  [Ma] varchar(20) COLLATE SQL_Latin1_General_CP1_CI_AS  NULL,
  [Ten] nvarchar(50) COLLATE SQL_Latin1_General_CP1_CI_AS  NULL
)
GO

ALTER TABLE [dbo].[ChucVu] SET (LOCK_ESCALATION = TABLE)
GO


-- ----------------------------
-- Records of ChucVu
-- ----------------------------
BEGIN TRANSACTION
GO

SET IDENTITY_INSERT [dbo].[ChucVu] ON
GO

INSERT INTO [dbo].[ChucVu] ([ID], [Ma], [Ten]) VALUES (N'1', N'JQ90090', N'Business reporter'), (N'2', N'BU85333', N'Dentist'), (N'3', N'JA94961', N'Food scientist'), (N'4', N'VY64942', N'Dancer'), (N'5', N'XY74139', N'Software developer'), (N'6', N'PH68063', N'Nurse'), (N'7', N'PU87216', N'Marketing director'), (N'8', N'PY13884', N'Librarian'), (N'9', N'PW40447', N'Financial planner'), (N'10', N'XJ39568', N'Librarian'), (N'11', N'YW61897', N'Event manager'), (N'12', N'XN82339', N'Office manager'), (N'13', N'OD19574', N'Multimedia animator'), (N'14', N'FT94579', N'Business reporter'), (N'15', N'HR07197', N'Biochemist'), (N'16', N'YP54881', N'Social media coordinator'), (N'17', N'RL95260', N'Social media coordinator'), (N'18', N'EZ88776', N'Dentist'), (N'19', N'OG24185', N'Multimedia animator'), (N'20', N'LX31194', N'Chief operations officer'), (N'21', N'CD37625', N'Graphic designer'), (N'22', N'ZC70055', N'Graphic designer'), (N'23', N'CN84626', N'Groomer'), (N'24', N'PP96244', N'Makeup artist'), (N'25', N'HT26317', N'Singer'), (N'26', N'JR04786', N'Information security analyst'), (N'27', N'GZ09614', N'Mobile application developer'), (N'28', N'LS30769', N'Tattoo artist'), (N'29', N'WF32210', N'Breeder'), (N'30', N'VW87812', N'Client services manager'), (N'31', N'GE80823', N'Mobile application developer'), (N'32', N'TF78550', N'Chief operations officer'), (N'33', N'QA29540', N'Account manager'), (N'34', N'PO79487', N'Business reporter'), (N'35', N'TX15693', N'Human resources manager'), (N'36', N'ZZ24752', N'Producer'), (N'37', N'NJ34796', N'Marketing director'), (N'38', N'RG99868', N'Database manager'), (N'39', N'QN05755', N'Biochemist'), (N'40', N'QT64458', N'Actuary'), (N'41', N'QK61777', N'Dancer'), (N'42', N'CK65900', N'Office clerk'), (N'43', N'WX15543', N'Barber'), (N'44', N'YO96870', N'Tutor'), (N'45', N'FV27071', N'Farmer'), (N'46', N'OJ42835', N'Marketing director'), (N'47', N'PU92412', N'UX/UI designer'), (N'48', N'NH15433', N'UX/UI designer'), (N'49', N'LH06147', N'Logistics coordinator'), (N'50', N'EZ51184', N'Account coordinator')
GO

SET IDENTITY_INSERT [dbo].[ChucVu] OFF
GO

COMMIT
GO


-- ----------------------------
-- Table structure for KhachHang
-- ----------------------------
IF EXISTS (SELECT * FROM sys.all_objects WHERE object_id = OBJECT_ID(N'[dbo].[KhachHang]') AND type IN ('U'))
	DROP TABLE [dbo].[KhachHang]
GO

CREATE TABLE [dbo].[KhachHang] (
  [ID] int  IDENTITY(1,1) NOT NULL,
  [Ma] varchar(255) COLLATE SQL_Latin1_General_CP1_CI_AS  NULL,
  [Ten] nvarchar(255) COLLATE SQL_Latin1_General_CP1_CI_AS  NULL,
  [GioiTinh] bit  NULL,
  [SDT] varchar(255) COLLATE SQL_Latin1_General_CP1_CI_AS  NULL,
  [CCCD] varchar(50) COLLATE SQL_Latin1_General_CP1_CI_AS  NULL,
  [Tuoi] int  NULL
)
GO

ALTER TABLE [dbo].[KhachHang] SET (LOCK_ESCALATION = TABLE)
GO


-- ----------------------------
-- Records of KhachHang
-- ----------------------------
BEGIN TRANSACTION
GO

SET IDENTITY_INSERT [dbo].[KhachHang] ON
GO

INSERT INTO [dbo].[KhachHang] ([ID], [Ma], [Ten], [GioiTinh], [SDT], [CCCD], [Tuoi]) VALUES (N'1', N'QD43394', N'Shen Yuning', N'1', N'7235 037753', N'yuningshen', N'46'), (N'2', N'HC29103', N'Janice Stewart', N'1', N'330-741-7046', N'janice96', N'21'), (N'3', N'KE79424', N'Uchida Kazuma', N'1', N'7571 957999', N'kuchida9', N'4'), (N'4', N'TL39828', N'Glenn Soto', N'0', N'838-204-4245', N'glesot2008', N'72'), (N'5', N'UF49431', N'Kong Hui Mei', N'0', N'838-841-9234', N'huimei1964', N'87'), (N'6', N'SU55912', N'Rebecca Thompson', N'0', N'21-9005-6851', N'thomprebec', N'39'), (N'7', N'BQ63805', N'Kong Lik Sun', N'0', N'212-920-3132', N'konls', N'57'), (N'8', N'SL97604', N'Cindy Peterson', N'0', N'718-619-7674', N'pcindy', N'36'), (N'9', N'HU77371', N'Kam Lik Sun', N'1', N'80-9906-8888', N'liksunkam', N'24'), (N'10', N'ZP91012', N'Todd Perez', N'0', N'330-844-7191', N'tper', N'87'), (N'11', N'XU01475', N'Man Kwok Kuen', N'1', N'(116) 358 4515', N'mankk10', N'52'), (N'12', N'CV67670', N'Zheng Anqi', N'0', N'74-386-9788', N'zheng9', N'68'), (N'13', N'DY86124', N'Yoshida Rena', N'0', N'90-6037-2424', N'renayoshida', N'24'), (N'14', N'GG08179', N'Nakamori Yuto', N'0', N'(1865) 00 0743', N'yutonaka', N'80'), (N'15', N'BL80796', N'Imai Momoka', N'0', N'(151) 464 8136', N'imamomoka', N'75'), (N'16', N'XW53294', N'Ho Fu Shing', N'0', N'139-9180-6805', N'fushingh', N'87'), (N'17', N'UO79945', N'Sarah Jordan', N'1', N'718-806-9961', N'jordan9', N'87'), (N'18', N'TA97257', N'Ku Wai San', N'1', N'7545 171135', N'kuwaisan1', N'89'), (N'19', N'NX00411', N'Manuel Gonzales', N'0', N'21-0437-8218', N'gonzmanuel705', N'72'), (N'20', N'FC78208', N'Martha Fernandez', N'1', N'(121) 012 7476', N'fernandez3', N'41'), (N'21', N'MI25599', N'Chin Wing Sze', N'0', N'193-5699-8612', N'wingsze1119', N'79'), (N'22', N'KY80154', N'Yeow Ho Yin', N'1', N'330-094-9365', N'yeow404', N'49'), (N'23', N'FR88768', N'Choi Tin Wing', N'0', N'7290 863434', N'tinwing20', N'41'), (N'24', N'TG36679', N'Kwok Yun Fat', N'0', N'134-4483-5357', N'kwyunfat5', N'62'), (N'25', N'NI25630', N'Liu Xiaoming', N'1', N'28-720-0028', N'lixiao', N'48'), (N'26', N'WA32773', N'Ishii Nanami', N'0', N'(161) 169 3638', N'nishii5', N'67'), (N'27', N'VD00786', N'Choi Kwok Ming', N'1', N'(151) 326 3313', N'chokm', N'23'), (N'28', N'PR22469', N'Matsuda Ryota', N'1', N'312-679-3379', N'ryota73', N'36'), (N'29', N'OX49890', N'Yamada Daichi', N'1', N'7548 326918', N'daichiy', N'22'), (N'30', N'RO62510', N'Choi Siu Wai', N'0', N'80-8517-2581', N'chsi53', N'65'), (N'31', N'MB11374', N'Mak Wai Yee', N'0', N'212-683-0784', N'makwy', N'62'), (N'32', N'UY62545', N'Hasegawa Miu', N'0', N'5642 819222', N'hasegawamiu', N'67'), (N'33', N'SK08014', N'Yamamoto Yuna', N'1', N'838-121-2058', N'yunayam1', N'69'), (N'34', N'DB18941', N'Matsuda Misaki', N'1', N'312-034-9414', N'misakim96', N'41'), (N'35', N'MV35365', N'Yung Wing Sze', N'0', N'70-0288-3886', N'yungwingsze', N'59'), (N'36', N'JQ44857', N'Andrew Chavez', N'1', N'66-128-7377', N'andrchav4', N'44'), (N'37', N'BR92049', N'Zhou Yuning', N'0', N'718-171-1656', N'yuningzh10', N'88'), (N'38', N'BK10337', N'Anita Martin', N'1', N'70-3968-9725', N'martin118', N'65'), (N'39', N'SV21639', N'Koon Wai Man', N'0', N'760-3682-7219', N'koon403', N'22'), (N'40', N'DW31930', N'Xia Yuning', N'0', N'330-939-0808', N'xiayu00', N'10'), (N'41', N'AP56634', N'Nicholas Hicks', N'1', N'(116) 732 2061', N'hicksnic', N'52'), (N'42', N'PU62438', N'Yeow Ka Ming', N'1', N'66-636-2399', N'kamingy', N'22'), (N'43', N'RF96449', N'Cheng Sze Kwan', N'1', N'330-234-8282', N'szekwancheng', N'79'), (N'44', N'ZP66977', N'Song Lan', N'0', N'312-886-0191', N'lasong20', N'18'), (N'45', N'AW08941', N'Ruby Spencer', N'1', N'145-4324-0973', N'rubysp', N'12'), (N'46', N'QL59180', N'Sasaki Tsubasa', N'0', N'3-9665-3880', N'tsubasasa', N'75'), (N'47', N'PY25985', N'Kwan Wing Fat', N'1', N'212-383-2385', N'kwingfat', N'65'), (N'48', N'DE04137', N'Kojima Yuto', N'1', N'90-7508-6835', N'kojimayuto5', N'81'), (N'49', N'FA57353', N'To Ka Keung', N'1', N'(151) 734 7960', N'to804', N'76'), (N'50', N'YO39605', N'Hayashi Hana', N'1', N'(1865) 28 3005', N'hana1946', N'72')
GO

SET IDENTITY_INSERT [dbo].[KhachHang] OFF
GO

COMMIT
GO


-- ----------------------------
-- Table structure for KyThi
-- ----------------------------
IF EXISTS (SELECT * FROM sys.all_objects WHERE object_id = OBJECT_ID(N'[dbo].[KyThi]') AND type IN ('U'))
	DROP TABLE [dbo].[KyThi]
GO

CREATE TABLE [dbo].[KyThi] (
  [ID] int  IDENTITY(1,1) NOT NULL,
  [MonThi] varchar(255) COLLATE SQL_Latin1_General_CP1_CI_AS  NULL,
  [NgayBatDau] date  NULL,
  [NgayKetThuc] date  NULL,
  [ThoiGianLamBai] int  NULL,
  [Diem] int  NULL,
  [PhongThi] varchar(50) COLLATE SQL_Latin1_General_CP1_CI_AS  NULL
)
GO

ALTER TABLE [dbo].[KyThi] SET (LOCK_ESCALATION = TABLE)
GO


-- ----------------------------
-- Records of KyThi
-- ----------------------------
BEGIN TRANSACTION
GO

SET IDENTITY_INSERT [dbo].[KyThi] ON
GO

INSERT INTO [dbo].[KyThi] ([ID], [MonThi], [NgayBatDau], [NgayKetThuc], [ThoiGianLamBai], [Diem], [PhongThi]) VALUES (N'1', N'Engineering', N'2002-02-25', N'2002-12-05', N'665', N'5', N'M346'), (N'2', N'Product Quality', N'2003-09-10', N'2023-03-07', N'778', N'7', N'G718'), (N'3', N'Human resource', N'2023-10-28', N'2024-02-14', N'828', N'7', N'T389'), (N'4', N'Engineering', N'2011-08-31', N'2015-02-16', N'843', N'8', N'C459'), (N'5', N'Accounting & Finance', N'2023-05-17', N'2019-11-17', N'604', N'1', N'Y242'), (N'6', N'Marketing', N'2008-12-15', N'2013-05-08', N'522', N'4', N'L369'), (N'7', N'Purchasing', N'2012-08-20', N'2020-08-16', N'941', N'10', N'K251'), (N'8', N'Sales', N'2020-03-26', N'2021-03-11', N'830', N'4', N'O573'), (N'9', N'Custom Service Support', N'2004-11-07', N'2004-06-23', N'780', N'6', N'P884'), (N'10', N'Administrative & Management', N'2015-08-03', N'2003-06-26', N'755', N'2', N'U764'), (N'11', N'Export', N'2021-01-01', N'2001-02-16', N'597', N'2', N'P329'), (N'12', N'Research & Development', N'2003-08-15', N'2020-04-21', N'209', N'3', N'I877'), (N'13', N'Marketing', N'2018-12-06', N'2011-12-11', N'121', N'1', N'D725'), (N'14', N'Legal Department', N'2001-02-22', N'2006-11-04', N'692', N'3', N'B311'), (N'15', N'Purchasing', N'2020-11-10', N'2001-05-30', N'713', N'8', N'D869'), (N'16', N'Engineering', N'2000-04-06', N'2021-08-05', N'471', N'9', N'C810'), (N'17', N'Human resource', N'2007-06-19', N'2014-01-15', N'87', N'1', N'P487'), (N'18', N'Product Quality', N'2017-06-17', N'2008-06-19', N'784', N'6', N'V968'), (N'19', N'Administrative & Management', N'2016-05-13', N'2003-01-12', N'927', N'10', N'R855'), (N'20', N'Product Quality', N'2014-01-21', N'2021-04-15', N'50', N'5', N'Z987'), (N'21', N'Information Technology Support', N'2018-07-21', N'2014-04-19', N'237', N'4', N'P654'), (N'22', N'Purchasing', N'2015-12-16', N'2009-01-13', N'55', N'0', N'D557'), (N'23', N'Human resource', N'2023-03-26', N'2019-08-23', N'807', N'1', N'S647'), (N'24', N'Public Relations', N'2004-09-05', N'2002-08-06', N'887', N'8', N'M147'), (N'25', N'Logistics', N'2021-07-22', N'2023-12-31', N'547', N'4', N'Y569'), (N'26', N'Custom Service Support', N'2009-12-04', N'2001-08-15', N'768', N'5', N'Y858'), (N'27', N'Human resource', N'2006-12-18', N'2007-03-30', N'17', N'7', N'Q449'), (N'28', N'Accounting & Finance', N'2005-04-25', N'2004-02-08', N'120', N'5', N'F247'), (N'29', N'Purchasing', N'2011-08-29', N'2002-04-02', N'770', N'4', N'A124'), (N'30', N'Public Relations', N'2014-09-01', N'2019-09-24', N'364', N'8', N'W860'), (N'31', N'Engineering', N'2012-11-25', N'2021-01-16', N'212', N'10', N'N532'), (N'32', N'Production', N'2019-03-24', N'2019-10-19', N'363', N'7', N'L524'), (N'33', N'Sales', N'2011-04-18', N'2003-07-24', N'731', N'6', N'M143'), (N'34', N'Public Relations', N'2004-01-27', N'2022-05-05', N'895', N'8', N'L333'), (N'35', N'Custom Service Support', N'2024-04-04', N'2012-04-07', N'461', N'3', N'D894'), (N'36', N'Administrative & Management', N'2001-01-01', N'2013-01-16', N'801', N'8', N'G784'), (N'37', N'Purchasing', N'2006-03-15', N'2016-01-18', N'260', N'5', N'M829'), (N'38', N'Human resource', N'2006-04-18', N'2008-10-13', N'170', N'10', N'V632'), (N'39', N'Accounting & Finance', N'2003-04-10', N'2023-11-09', N'670', N'8', N'J385'), (N'40', N'Production', N'2020-07-18', N'2009-11-14', N'443', N'0', N'P150'), (N'41', N'Marketing', N'2009-05-28', N'2005-10-28', N'688', N'0', N'O281'), (N'42', N'Export', N'2014-03-07', N'2023-09-28', N'169', N'1', N'O296'), (N'43', N'Purchasing', N'2021-01-03', N'2023-02-11', N'432', N'2', N'A145'), (N'44', N'Research & Development', N'2000-06-14', N'2007-02-05', N'502', N'9', N'P760'), (N'45', N'Engineering', N'2014-03-22', N'2015-03-07', N'731', N'7', N'X987'), (N'46', N'Purchasing', N'2023-12-17', N'2021-03-05', N'27', N'7', N'H641'), (N'47', N'Legal Department', N'2020-02-21', N'2004-03-16', N'833', N'6', N'N166'), (N'48', N'Product Quality', N'2009-12-08', N'2008-01-03', N'335', N'8', N'N955'), (N'49', N'Research & Development', N'2018-08-28', N'2018-09-07', N'192', N'6', N'O157'), (N'50', N'Human resource', N'2018-02-25', N'2021-12-07', N'968', N'8', N'P108')
GO

SET IDENTITY_INSERT [dbo].[KyThi] OFF
GO

COMMIT
GO


-- ----------------------------
-- Table structure for LoaiSP
-- ----------------------------
IF EXISTS (SELECT * FROM sys.all_objects WHERE object_id = OBJECT_ID(N'[dbo].[LoaiSP]') AND type IN ('U'))
	DROP TABLE [dbo].[LoaiSP]
GO

CREATE TABLE [dbo].[LoaiSP] (
  [ID] int  IDENTITY(1,1) NOT NULL,
  [Ma] varchar(20) COLLATE SQL_Latin1_General_CP1_CI_AS  NULL,
  [Ten] nvarchar(50) COLLATE SQL_Latin1_General_CP1_CI_AS  NULL
)
GO

ALTER TABLE [dbo].[LoaiSP] SET (LOCK_ESCALATION = TABLE)
GO


-- ----------------------------
-- Records of LoaiSP
-- ----------------------------
BEGIN TRANSACTION
GO

SET IDENTITY_INSERT [dbo].[LoaiSP] ON
GO

INSERT INTO [dbo].[LoaiSP] ([ID], [Ma], [Ten]) VALUES (N'1', N'jPIGDJkauH', N'Raspbehry pi'), (N'2', N'zzFoyTiWxo', N'iPluots'), (N'3', N'9A1AJQBnnp', N'Raspberry'), (N'4', N'tbyCVesS3J', N'Mango pi'), (N'5', N'ncvrrUPVP6', N'Raspberry se'), (N'6', N'uzT9qDQpMU', N'rherry'), (N'7', N'4vGl1p59mm', N'omni-hrange'), (N'8', N'wA1njDfwba', N'Appke'), (N'9', N'zgjmeX8V8u', N'omni-Apple'), (N'10', N'7N1KPmHm3B', N'Rzspberry plus'), (N'11', N'2vmWXIPfe4', N'Orange premium'), (N'12', N'XamTYz84cc', N'omni-Grape'), (N'13', N'seyEktZk06', N'Orange air'), (N'14', N'NwVempbv79', N'Mango'), (N'15', N'j5PB2UIlaA', N'xCherry'), (N'16', N'7vOPuMaxeZ', N'aiwi air'), (N'17', N'0dLFYDssKT', N'Kiwi'), (N'18', N'xon1kot1JG', N'Rambutan mini'), (N'19', N'xxdegTbETS', N'Apple air'), (N'20', N'wk6lGZvTiP', N'Mapgo premium'), (N'21', N'VjCNH2I5of', N'Raspberry air'), (N'22', N'VyZxC3Drfr', N'ultra-Mango'), (N'23', N'0CQfQwGYuS', N'omni-Raspberry'), (N'24', N'JHodX5cVYo', N'Chqrry pi'), (N'25', N'FbTkFE6D32', N'aambutan air'), (N'26', N'c1a3gu04ZA', N'Oranme'), (N'27', N'x7x7B0XwDa', N'Grape'), (N'28', N'KJraqhQBYx', N'xiherry'), (N'29', N'XnPBmOnjdi', N'xnrape'), (N'30', N'dNniOI2M24', N'Apple'), (N'31', N'ym5J5juJSp', N'Raspbeery'), (N'32', N'Nqz78XUUrW', N'jtrawberry'), (N'33', N'HhIgYyuVma', N'giwi'), (N'34', N'ISq9oSWW73', N'Apple'), (N'35', N'Fq0jomRe4h', N'Orange'), (N'36', N'Z4IJyi2lAL', N'ultra-Cherry'), (N'37', N'uXpLuLbHJ8', N'iMango'), (N'38', N'Vnasc0ZPwX', N'Raspbermy'), (N'39', N'gMyktj1oNk', N'Cherry mini'), (N'40', N'VUWmJ8DZjf', N'mambutan'), (N'41', N'qMepwRISUF', N'hherry'), (N'42', N'WiTlfEHmlq', N'Cherry'), (N'43', N'yvR94t6dCX', N'Strawberry'), (N'44', N'q6Pp4hcTNV', N'ultra-Cherey'), (N'45', N'u3MTpq7tNJ', N'ultra-Apple'), (N'46', N'LdThTLuaJo', N'Chermy'), (N'47', N'VBRivmgE9J', N'Cherry'), (N'48', N'PCgL9BMhCs', N'aango'), (N'49', N'zbUBPCkvmR', N'xMango'), (N'50', N'ZbwfBKQHkU', N'orange')
GO

SET IDENTITY_INSERT [dbo].[LoaiSP] OFF
GO

COMMIT
GO


-- ----------------------------
-- Table structure for LoaiXM
-- ----------------------------
IF EXISTS (SELECT * FROM sys.all_objects WHERE object_id = OBJECT_ID(N'[dbo].[LoaiXM]') AND type IN ('U'))
	DROP TABLE [dbo].[LoaiXM]
GO

CREATE TABLE [dbo].[LoaiXM] (
  [ID] int  IDENTITY(1,1) NOT NULL,
  [Ma] varchar(20) COLLATE SQL_Latin1_General_CP1_CI_AS  NULL,
  [Ten] nvarchar(50) COLLATE SQL_Latin1_General_CP1_CI_AS  NULL
)
GO

ALTER TABLE [dbo].[LoaiXM] SET (LOCK_ESCALATION = TABLE)
GO


-- ----------------------------
-- Records of LoaiXM
-- ----------------------------
BEGIN TRANSACTION
GO

SET IDENTITY_INSERT [dbo].[LoaiXM] ON
GO

INSERT INTO [dbo].[LoaiXM] ([ID], [Ma], [Ten]) VALUES (N'1', N'wnXToErAjH', N'Yuito Network Systems Corporation'), (N'2', N'vnuaDGHPZk', N'Tsang Kee Engineering Limited'), (N'3', N'SX90kjBckD', N'Li Kee Company Limited'), (N'4', N'plATXXULAN', N'Heung''s Limited'), (N'5', N'yfcdpBzjQK', N'Long Network Systems LLC'), (N'6', N'KpLZwZOcrL', N'Luo Toy Company Limited'), (N'7', N'GUB8DLyJBR', N'Gregory Inc.'), (N'8', N'g6CpwaqugH', N'Nguyen''s Inc.'), (N'9', N'zpl9SZORaL', N'Imai Corporation'), (N'10', N'D6EfVgLjE7', N'Hou Kee Network Systems Company Limited'), (N'11', N'e3lUkmbEa2', N'Harada Corporation'), (N'12', N'ryINML8pvQ', N'Hikaru Corporation'), (N'13', N'AEOixgDJrd', N'Jeffrey Network Systems Inc.'), (N'14', N'C3aX2euOyK', N'Wai Yee Limited'), (N'15', N'GXnLYvJjXk', N'Takeda Technology Corporation'), (N'16', N'NiExiOXrCw', N'William Logistic Inc.'), (N'17', N'vehTQ3ieZh', N'Yamato Pharmaceutical Corporation'), (N'18', N'3NBbqhZyU1', N'Yin Kee Communications Company Limited'), (N'19', N'UzyHysX3aV', N'Wing Suen Development & Trading Limited'), (N'20', N'sYWRnC2DO4', N'Mak''s Limited'), (N'21', N'exVm5hl04q', N'Luo Communications Company Limited'), (N'22', N'37JwuiUjRn', N'Roger Toy Inc.'), (N'23', N'pivCo9g0Au', N'Jialun Telecommunication Company Limited'), (N'24', N'2hR8IRUioQ', N'Zitao Company Limited'), (N'25', N'sY3HvikHSA', N'Xiaoming Industrial Company Limited'), (N'26', N'PK6UHnwflE', N'Matsui Residence Corporation'), (N'27', N'wiw4xZWjn4', N'Daisuke Residence Corporation'), (N'28', N'URKLgJP95h', N'Seiko Corporation'), (N'29', N'7aarqhaZGO', N'Siu Kee Pharmaceutical Limited'), (N'30', N'CG0Mixn57D', N'Jiang Kee Company Limited'), (N'31', N'8GSfdLUdOZ', N'Sakura Food Corporation'), (N'32', N'OdFiEgyF6G', N'Fukuda Toy Corporation'), (N'33', N'svETJ1DzVe', N'Hashimoto Electronic Corporation'), (N'34', N'aLrAwQfzgc', N'Gu Kee Technology Company Limited'), (N'35', N'5pJWpliqyW', N'Richardson Consultants Inc.'), (N'36', N'V7JEE7cziF', N'Rui Company Limited'), (N'37', N'MJ2cKivQzW', N'Nguyen''s Network Systems Inc.'), (N'38', N'PfYlbUqsQf', N'Meng Kee Trading Company Limited'), (N'39', N'zR9tQS4BHI', N'Chiba Corporation'), (N'40', N'ASNYCwG8YD', N'Goto Pharmaceutical Corporation'), (N'41', N'HBex7xTpHP', N'Kikuchi Communications Corporation'), (N'42', N'aSuBMPsJqW', N'Davis LLC'), (N'43', N'CHNobzQi0X', N'Sai Wing Food Limited'), (N'44', N'ubV03dn4Tk', N'Lam Kee Technology Limited'), (N'45', N'hp2bKoL7lp', N'Yamato Corporation'), (N'46', N'bx4mvOWexc', N'Garza Brothers Network Systems Inc.'), (N'47', N'neos9ooDDl', N'Shihan Company Limited'), (N'48', N'rHfyg1m2on', N'Zhennan Company Limited'), (N'49', N'0wN4a064sA', N'Anqi Company Limited'), (N'50', N'ymmz05NJu0', N'Foster Brothers Consultants Inc.')
GO

SET IDENTITY_INSERT [dbo].[LoaiXM] OFF
GO

COMMIT
GO


-- ----------------------------
-- Table structure for MoiQuanHe
-- ----------------------------
IF EXISTS (SELECT * FROM sys.all_objects WHERE object_id = OBJECT_ID(N'[dbo].[MoiQuanHe]') AND type IN ('U'))
	DROP TABLE [dbo].[MoiQuanHe]
GO

CREATE TABLE [dbo].[MoiQuanHe] (
  [ID] int  IDENTITY(1,1) NOT NULL,
  [Ma] varchar(20) COLLATE SQL_Latin1_General_CP1_CI_AS  NULL,
  [Ten] nvarchar(50) COLLATE SQL_Latin1_General_CP1_CI_AS  NULL
)
GO

ALTER TABLE [dbo].[MoiQuanHe] SET (LOCK_ESCALATION = TABLE)
GO


-- ----------------------------
-- Records of MoiQuanHe
-- ----------------------------
BEGIN TRANSACTION
GO

SET IDENTITY_INSERT [dbo].[MoiQuanHe] ON
GO

INSERT INTO [dbo].[MoiQuanHe] ([ID], [Ma], [Ten]) VALUES (N'1', N'098VzpzYqe', N'Human resources manager'), (N'2', N'pu0Tx319QA', N'Actuary'), (N'3', N'E8KB4usCB1', N'Dentist'), (N'4', N'Dqxbjec3pM', N'Biochemist'), (N'5', N'CE6D8Hpajv', N'Sales manager'), (N'6', N'3lsbX9mqp3', N'Makeup artist'), (N'7', N'gjfUM514Rg', N'Professor'), (N'8', N'Qjy4VloS24', N'Wedding planner'), (N'9', N'UkMBKlg3ii', N'Librarian'), (N'10', N'skP3EwOnC2', N'Veterinary assistant'), (N'11', N'IuZpJRWnSv', N'Farmer'), (N'12', N'p9ERr9cNu3', N'Dancer'), (N'13', N'WtutWetZrk', N'Marketing director'), (N'14', N'ty1Djw9C31', N'Technical support'), (N'15', N'5JC7ykFHaA', N'Singer'), (N'16', N'Lp6HSf8mRp', N'Team leader'), (N'17', N'5QfvcQa4j9', N'Information security analyst'), (N'18', N'dM0PDfstaw', N'Technical support'), (N'19', N'Uz8llt2jry', N'Insurance sales agent'), (N'20', N'6NJN4fRsUw', N'Nurse'), (N'21', N'ToGisFqiyb', N'Makeup artist'), (N'22', N'FnOejwllwe', N'Auditor'), (N'23', N'aCpcAgmGp7', N'Doctor'), (N'24', N'E0GZe78Ga1', N'Project manager'), (N'25', N'sQrutWaR7d', N'Spa manager'), (N'26', N'seJFnuogZx', N'Client services manager'), (N'27', N'SOyOTxGbmt', N'Graphic designer'), (N'28', N'MSnuTTF8bh', N'Tattoo artist'), (N'29', N'MSMh1Ehpb0', N'teacher'), (N'30', N'Iaa5u8mniY', N'Chief operations officer'), (N'31', N'gVu4yeRJtI', N'Software developer'), (N'32', N'FIpZFRp1Wg', N'Office clerk'), (N'33', N'IdXciBQ0UQ', N'Operations manager'), (N'34', N'pUHP5Y6Ctf', N'Insurance sales agent'), (N'35', N'QknqmYhQGG', N'Technical support'), (N'36', N'Ew8kJa5rog', N'Dancer'), (N'37', N'MbyzBtsVCQ', N'Singer'), (N'38', N'iLsVVZ9RGu', N'Farmer'), (N'39', N'Ch5aT51133', N'Makeup artist'), (N'40', N'7wk8XHTXvd', N'Horticulturist'), (N'41', N'ZKOUWzhNmM', N'Social media coordinator'), (N'42', N'rbLDT5MbPZ', N'Sales manager'), (N'43', N'ijuxCrPCdX', N'Housekeeper'), (N'44', N'mEXN3FSuHE', N'Social media coordinator'), (N'45', N'Wf8OW7jtRZ', N'Engineer'), (N'46', N'SXMqRmpuf2', N'Office manager'), (N'47', N'YpK8oLx6u2', N'Makeup artist'), (N'48', N'G8sNY50aie', N'Database manager'), (N'49', N'rWsl2Bv8bu', N'Software developer'), (N'50', N'JNQNwyc42F', N'Engineer')
GO

SET IDENTITY_INSERT [dbo].[MoiQuanHe] OFF
GO

COMMIT
GO


-- ----------------------------
-- Table structure for NhanVien
-- ----------------------------
IF EXISTS (SELECT * FROM sys.all_objects WHERE object_id = OBJECT_ID(N'[dbo].[NhanVien]') AND type IN ('U'))
	DROP TABLE [dbo].[NhanVien]
GO

CREATE TABLE [dbo].[NhanVien] (
  [ID] int  IDENTITY(1,1) NOT NULL,
  [Ma] varchar(20) COLLATE SQL_Latin1_General_CP1_CI_AS  NULL,
  [Ten] nvarchar(30) COLLATE SQL_Latin1_General_CP1_CI_AS  NULL,
  [TenDem] nvarchar(30) COLLATE SQL_Latin1_General_CP1_CI_AS  NULL,
  [Ho] nvarchar(30) COLLATE SQL_Latin1_General_CP1_CI_AS  NULL,
  [GioiTinh] nvarchar(10) COLLATE SQL_Latin1_General_CP1_CI_AS  NULL,
  [DiaChi] nvarchar(100) COLLATE SQL_Latin1_General_CP1_CI_AS  NULL,
  [Sdt] varchar(30) COLLATE SQL_Latin1_General_CP1_CI_AS  NULL,
  [MatKhau] varchar(50) COLLATE SQL_Latin1_General_CP1_CI_AS  NULL,
  [IdCV] int  NULL,
  [TrangThai] int  NULL
)
GO

ALTER TABLE [dbo].[NhanVien] SET (LOCK_ESCALATION = TABLE)
GO


-- ----------------------------
-- Records of NhanVien
-- ----------------------------
BEGIN TRANSACTION
GO

SET IDENTITY_INSERT [dbo].[NhanVien] ON
GO

INSERT INTO [dbo].[NhanVien] ([ID], [Ma], [Ten], [TenDem], [Ho], [GioiTinh], [DiaChi], [Sdt], [MatKhau], [IdCV], [TrangThai]) VALUES (N'1', N'4bI6cM5971', N'Yuen Yu Ling', N'Yuen Yu Ling', N'Yuen Yu Ling', N'Nam', N'626 Dongtai 5th St', N'769-2128-9563', N'LD5Bp0oebu', N'14', N'1'), (N'2', N'sOHD2OkDYU', N'Helen Gonzales', N'Helen Gonzales', N'Helen Gonzales', N'Nam', N'40 Edward Ave, Braunstone Town', N'(116) 236 3121', N'mQgRLCODga', N'7', N'0'), (N'3', N'rS0dMHLlzG', N'Mok Fu Shing', N'Mok Fu Shing', N'Mok Fu Shing', N'Nam', N'1-5-4, Higashi-Shimbashi, Minato-ku', N'3-7501-8839', N'P7669hqZzi', N'45', N'0'), (N'4', N'lbhtiPbc8f', N'Tanaka Shino', N'Tanaka Shino', N'Tanaka Shino', N'Nu', N'304 Lark Street', N'838-265-8339', N'LBCDw1lIMB', N'1', N'1'), (N'5', N'JXYcDAicay', N'Catherine Stone', N'Catherine Stone', N'Catherine Stone', N'Nu', N'87 Portland St', N'(161) 704 3416', N'rW4NyqmwLu', N'15', N'1'), (N'6', N'VcYYvB4BW1', N'Kong Kwok Ming', N'Kong Kwok Ming', N'Kong Kwok Ming', N'Nam', N'898 Rush Street', N'312-927-8707', N'i96uX0PQmY', N'17', N'1'), (N'7', N'MHwB2cDBp4', N'Hao Jialun', N'Hao Jialun', N'Hao Jialun', N'Nu', N'771 FuXingMenNei Street, XiCheng District', N'130-7870-9901', N'gHfwvMd2OR', N'39', N'1'), (N'8', N'AAkUKZyz9k', N'Koyama Aoi', N'Koyama Aoi', N'Koyama Aoi', N'Nam', N'287 Jiangnan West Road, Haizhu District', N'198-7769-1754', N'uCmJXdhgpn', N'23', N'0'), (N'9', N'1kZjMCIQ6K', N'Carl Hunt', N'Carl Hunt', N'Carl Hunt', N'Nam', N'5-4-19 Kikusui 3 Jo, Shiroishi Ward,', N'11-557-9539', N'krSECfmWHf', N'27', N'0'), (N'10', N'SXi2TJoL6z', N'Kwan Wing Fat', N'Kwan Wing Fat', N'Kwan Wing Fat', N'Nam', N'1-1-20 Deshiro, Nishinari Ward', N'80-8901-2533', N'YIJscJpS6E', N'37', N'0'), (N'11', N'MhUrsEeOgj', N'Yang Jialun', N'Yang Jialun', N'Yang Jialun', N'Nam', N'403 Wyngate Dr', N'5424 623625', N'2kg8TrrAqH', N'38', N'1'), (N'12', N'aLFb9NB85P', N'Xu Zitao', N'Xu Zitao', N'Xu Zitao', N'Nam', N'453 Lodge Ln, Toxteth', N'7091 787721', N'ikeqH1qH0Y', N'32', N'0'), (N'13', N'X9zHYUNQKB', N'Wanda Gutierrez', N'Wanda Gutierrez', N'Wanda Gutierrez', N'Nam', N'2-3-13 Yoyogi, Shibuya-ku', N'3-4685-3451', N'kSU06Qe4Hu', N'40', N'0'), (N'14', N'Zk7HTMSbsX', N'Fong Ka Keung', N'Fong Ka Keung', N'Fong Ka Keung', N'Nu', N'774 Tangyuan Street 5th Alley, Airport Road, Baiyun', N'20-9966-4183', N'u77x9Nn3Ll', N'25', N'1'), (N'15', N'6wb9IjJlXl', N'Aoki Shino', N'Aoki Shino', N'Aoki Shino', N'Nu', N'345 Hanover Street', N'7003 580382', N'Hm5LhEWsOt', N'28', N'0'), (N'16', N'amgA3WhfNJ', N'Mo Xiuying', N'Mo Xiuying', N'Mo Xiuying', N'Nu', N'1-7-6 Saidaiji Akodacho', N'90-5525-9197', N'lzzSN3cAya', N'35', N'0'), (N'17', N'qiK1RRDzPh', N'Clara Rice', N'Clara Rice', N'Clara Rice', N'Nam', N'810 Mosley St', N'(161) 156 5436', N'xfpnvO2poz', N'40', N'0'), (N'18', N'u1iFM2dN6L', N'Zhou Lan', N'Zhou Lan', N'Zhou Lan', N'Nu', N'1-5-14, Higashi-Shimbashi, Minato-ku', N'90-0457-5516', N'DVdvnkYvRv', N'44', N'0'), (N'19', N'iekLuiVJxX', N'Pan Xiuying', N'Pan Xiuying', N'Pan Xiuying', N'Nu', N'6-1-9, Miyanomori 4 J, Chuo Ward', N'70-2504-6641', N'zDkcL3FTJR', N'3', N'1'), (N'20', N'8cq3NekqIC', N'Ono Yota', N'Ono Yota', N'Ono Yota', N'Nam', N'544 Xiaoping E Rd, Baiyun ', N'171-5610-3571', N'IxA64rfdB2', N'8', N'0'), (N'21', N'BmG8mzgPTc', N'Nakayama Shino', N'Nakayama Shino', N'Nakayama Shino', N'Nu', N'970 Huanqu South Street 2nd Alley', N'769-085-7263', N'7Obogee8o2', N'13', N'1'), (N'22', N'yzaIKWKrhO', N'Raymond Rice', N'Raymond Rice', N'Raymond Rice', N'Nu', N'25 Central Avenue', N'838-288-7981', N'JfmwJ5Z7na', N'21', N'0'), (N'23', N'XCjl2LJfui', N'Yokoyama Momoka', N'Yokoyama Momoka', N'Yokoyama Momoka', N'Nam', N'72 Wicklow Road', N'614-072-5650', N'r06AWhU6Ra', N'40', N'0'), (N'24', N'shF9ksUiDW', N'Chang Zhiyuan', N'Chang Zhiyuan', N'Chang Zhiyuan', N'Nam', N'132 North Michigan Ave', N'312-039-9040', N'69Fr6OWOzG', N'20', N'0'), (N'25', N'rkzf9iRFrk', N'Ernest Weaver', N'Ernest Weaver', N'Ernest Weaver', N'Nam', N'881 Pedway', N'312-934-1181', N'KsvuJKioqI', N'31', N'0'), (N'26', N'ClExd85hLr', N'Kathryn Payne', N'Kathryn Payne', N'Kathryn Payne', N'Nu', N'996 Flatbush Ave', N'718-621-0933', N'kYMnHxBp4Z', N'19', N'1'), (N'27', N'KjDAx9DowO', N'Emma Hamilton', N'Emma Hamilton', N'Emma Hamilton', N'Nam', N'221 Shanhu Rd', N'769-383-2107', N'OAB7h7eFWw', N'28', N'1'), (N'28', N'X7O6lnEASb', N'Tsui Wing Suen', N'Tsui Wing Suen', N'Tsui Wing Suen', N'Nam', N'201 Sky Way', N'213-465-6769', N'QpDXriDMxE', N'46', N'0'), (N'29', N'TcTzsEzBU9', N'Maruyama Shino', N'Maruyama Shino', N'Maruyama Shino', N'Nam', N'325 State Street', N'838-237-7363', N'6cCQBhboCi', N'33', N'0'), (N'30', N'bHFkHyz84x', N'Yuan Xiuying', N'Yuan Xiuying', N'Yuan Xiuying', N'Nam', N'5-2-3 Higashi Gotanda, Shinagawa-ku ', N'3-4641-2905', N'iHiz1GucJD', N'6', N'0'), (N'31', N'E00i4hdoQr', N'Roy Hayes', N'Roy Hayes', N'Roy Hayes', N'Nu', N'160 Jiangnan West Road, Haizhu District', N'130-4243-4716', N'Pr5KQa1WHG', N'5', N'1'), (N'32', N'BPFP8mMzdd', N'Han Lu', N'Han Lu', N'Han Lu', N'Nu', N'720 Sackville St', N'7899 119779', N'jL66pFrRqo', N'28', N'1'), (N'33', N'QGSj5XOZZj', N'Pan Xiaoming', N'Pan Xiaoming', N'Pan Xiaoming', N'Nam', N'835 Regent Street', N'(20) 1236 0748', N'cDMg3Ci7wb', N'37', N'0'), (N'34', N'iuRokips1x', N'Takada Kaito', N'Takada Kaito', N'Takada Kaito', N'Nam', N'541 39 William IV St, Charing Cross', N'5141 650454', N'5ul2YDdIwI', N'12', N'0'), (N'35', N'sI40N97cJ0', N'Yamaguchi Mio', N'Yamaguchi Mio', N'Yamaguchi Mio', N'Nam', N'651 Bergen St', N'718-426-6336', N'dK0UK8QZVV', N'28', N'0'), (N'36', N'7FZgJzenGH', N'Yu Zhennan', N'Yu Zhennan', N'Yu Zhennan', N'Nam', N'3-9-17 Gakuenminami', N'74-684-5024', N'GZjKjJ0HdW', N'47', N'0'), (N'37', N'JJdCtDZSJn', N'Sato Yota', N'Sato Yota', N'Sato Yota', N'Nam', N'5-4-10 Kikusui 3 Jo, Shiroishi Ward,', N'90-9608-5055', N'COsyhZWoqO', N'20', N'1'), (N'38', N'R84CIqRBOc', N'Kono Itsuki', N'Kono Itsuki', N'Kono Itsuki', N'Nu', N'933 Tianbei 1st Rd, Luohu District', N'199-0353-0236', N'xeJSq6f2NI', N'28', N'1'), (N'39', N'QjawXHcO0N', N'Danielle Jackson', N'Danielle Jackson', N'Danielle Jackson', N'Nu', N'929 Cyril St, Braunstone Town', N'(116) 858 4827', N'JDe5mdOhlJ', N'35', N'0'), (N'40', N'WhVKMCjrwP', N'Liao Wai Han', N'Liao Wai Han', N'Liao Wai Han', N'Nu', N'623 Kengmei 15th Alley', N'162-5559-5316', N'RmMUgYuXBZ', N'6', N'0'), (N'41', N'7tKEYxww7t', N'Eddie Holmes', N'Eddie Holmes', N'Eddie Holmes', N'Nam', N'1-1-5 Deshiro, Nishinari Ward', N'80-0117-5116', N'a1xfudZ6uS', N'47', N'0'), (N'42', N'sWQ5g3Vi3Y', N'Hsuan Chung Yin', N'Hsuan Chung Yin', N'Hsuan Chung Yin', N'Nu', N'477 Whitehouse Lane, Huntingdon Rd', N'7665 377684', N'L8mbHL180F', N'17', N'1'), (N'43', N'hMnJnvYkHs', N'Liu Shihan', N'Liu Shihan', N'Liu Shihan', N'Nam', N'344 West Houston Street', N'212-818-3763', N'GlDbl5mgrC', N'2', N'0'), (N'44', N'EcbNjtOXKD', N'Harry Carter', N'Harry Carter', N'Harry Carter', N'Nam', N'937 Wooster Street', N'212-208-3104', N'p0wTSXl1xe', N'44', N'1'), (N'45', N'FMdIYJHQzi', N'Che On Kay', N'Che On Kay', N'Che On Kay', N'Nu', N'13-3-15 Toyohira 3 Jo, Toyohira Ward', N'11-855-8720', N'FIzDDaJSrk', N'50', N'1'), (N'46', N'0Jb8LJhTcY', N'Kimura Kasumi', N'Kimura Kasumi', N'Kimura Kasumi', N'Nu', N'5-2-20 Higashi Gotanda, Shinagawa-ku ', N'3-6372-3465', N'sZ0z1Z91B9', N'25', N'0'), (N'47', N'nmMM7iwrv4', N'Uchida Minato', N'Uchida Minato', N'Uchida Minato', N'Nu', N'13-3-12 Toyohira 3 Jo, Toyohira Ward', N'11-376-5070', N'8J7XDGcWMS', N'34', N'1'), (N'48', N'9fk4WhwnQ6', N'Mo Rui', N'Mo Rui', N'Mo Rui', N'Nam', N'902 Fern Street', N'330-233-4998', N'IIipewp5Dh', N'24', N'1'), (N'49', N'UXawHFQ844', N'Lu Zhennan', N'Lu Zhennan', N'Lu Zhennan', N'Nam', N'233 Jianxiang Rd, Pudong', N'21-9687-7226', N'hvD0ERkT5o', N'40', N'0'), (N'50', N'c0h01bBMFM', N'Don Parker', N'Don Parker', N'Don Parker', N'Nam', N'5-2-11 Kikusui 3 Jo, Shiroishi Ward', N'11-538-4362', N'eIFHSm6zO2', N'50', N'1')
GO

SET IDENTITY_INSERT [dbo].[NhanVien] OFF
GO

COMMIT
GO


-- ----------------------------
-- Table structure for NXB
-- ----------------------------
IF EXISTS (SELECT * FROM sys.all_objects WHERE object_id = OBJECT_ID(N'[dbo].[NXB]') AND type IN ('U'))
	DROP TABLE [dbo].[NXB]
GO

CREATE TABLE [dbo].[NXB] (
  [ID] int  IDENTITY(1,1) NOT NULL,
  [Ma] varchar(20) COLLATE SQL_Latin1_General_CP1_CI_AS  NULL,
  [Ten] nvarchar(50) COLLATE SQL_Latin1_General_CP1_CI_AS  NULL
)
GO

ALTER TABLE [dbo].[NXB] SET (LOCK_ESCALATION = TABLE)
GO


-- ----------------------------
-- Records of NXB
-- ----------------------------
BEGIN TRANSACTION
GO

SET IDENTITY_INSERT [dbo].[NXB] ON
GO

INSERT INTO [dbo].[NXB] ([ID], [Ma], [Ten]) VALUES (N'1', N'0rxTEMho7a', N'Hayashi Residence Corporation'), (N'2', N'Cx1950Jpxs', N'Sara Communications Corporation'), (N'3', N'C2xTpGtx37', N'Yuto Network Systems Corporation'), (N'4', N'RZI0XpZSiQ', N'Yuen''s Property Limited'), (N'5', N'mrZXKG8L3r', N'Zhennan Company Limited'), (N'6', N'4khACDQOv8', N'Takeda Corporation'), (N'7', N'flgOSGHaz6', N'Christine Pharmaceutical LLC'), (N'8', N'jGyaPbTIAe', N'Aoshi Corporation'), (N'9', N'9NpyO2zLxp', N'Ziyi Toy Company Limited'), (N'10', N'2nRUaCMCpo', N'Fu''s Limited'), (N'11', N'LXmMiAKXhJ', N'Ku''s Electronic Limited'), (N'12', N'wsv7dai3Ry', N'Nicole LLC'), (N'13', N'dJ2oQkqdZS', N'Tao''s Electronic Limited'), (N'14', N'R2yMX1au8S', N'Zhao Trading Company Limited'), (N'15', N'1TAKW15nb8', N'Lois Inc.'), (N'16', N'YQhV3R6opY', N'Martin Toy LLC'), (N'17', N'KFye3G4OIz', N'Kato Corporation'), (N'18', N'yHJ6aAs3HC', N'Dennis Toy LLC'), (N'19', N'3q1OGYmBKT', N'Evelyn Telecommunication Inc.'), (N'20', N'1DpIH1knCD', N'Louis Consultants LLC'), (N'21', N'H25cyn5oA0', N'On Kay Limited'), (N'22', N'6py88XhJZm', N'Yu Ling Consultants Limited'), (N'23', N's3KdfZ5wZi', N'Paul Inc.'), (N'24', N'ZEavdgaIWS', N'Minato Food Corporation'), (N'25', N'H91w2xLtp9', N'Charlotte Food LLC'), (N'26', N'NQfZQ8a3NI', N'Andrew Communications Inc.'), (N'27', N'DBUUTsD71F', N'Lei Kee Electronic Company Limited'), (N'28', N'eIGk8bmxOZ', N'Mike Technology LLC'), (N'29', N'D5tqwvsQzt', N'Anqi Electronic Company Limited'), (N'30', N'nibVyKsK5A', N'Yan Kee Technology Company Limited'), (N'31', N'Q7TQC4xkFW', N'Mio Food Corporation'), (N'32', N'Y68Rz3waIK', N'Morgan Brothers Inc.'), (N'33', N'YA2P8g49l4', N'Zhiyuan Pharmaceutical Company Limited'), (N'34', N'O2g5AVhxpE', N'Howard Inc.'), (N'35', N'7TFZUw9jqO', N'Yamashita Network Systems Corporation'), (N'36', N'y3maoakCRq', N'Masuda Corporation'), (N'37', N'YWMqpThqQj', N'Wing Sze Telecommunication Limited'), (N'38', N'LwVhiMsJLU', N'Hikaru Corporation'), (N'39', N'JVpo2HJRWD', N'Zhiyuan Toy Company Limited'), (N'40', N'f3eXrJ7IJe', N'Ono Technology Corporation'), (N'41', N'cIQIcOs2cN', N'Amber Pharmaceutical LLC'), (N'42', N'glOdbmmEQo', N'Yamashita Pharmaceutical Corporation'), (N'43', N'EaW6cJtNy1', N'Rin Toy Corporation'), (N'44', N'qb6KkUz5zz', N'Mcdonald Inc.'), (N'45', N'moAISS8d3R', N'Tong Kee Limited'), (N'46', N'MVdVpOD9BC', N'Ichikawa Corporation'), (N'47', N'XICH3HM5MS', N'Cindy LLC'), (N'48', N'8Dte8wnmY5', N'Jiang Network Systems Company Limited'), (N'49', N'oUKcBE582t', N'Su Food Company Limited'), (N'50', N'r2p0iHxdSH', N'Lui Kee Limited')
GO

SET IDENTITY_INSERT [dbo].[NXB] OFF
GO

COMMIT
GO


-- ----------------------------
-- Table structure for PhieuGiamGia
-- ----------------------------
IF EXISTS (SELECT * FROM sys.all_objects WHERE object_id = OBJECT_ID(N'[dbo].[PhieuGiamGia]') AND type IN ('U'))
	DROP TABLE [dbo].[PhieuGiamGia]
GO

CREATE TABLE [dbo].[PhieuGiamGia] (
  [ID] int  IDENTITY(1,1) NOT NULL,
  [Ma] varchar(255) COLLATE SQL_Latin1_General_CP1_CI_AS  NULL,
  [Ten] nvarchar(255) COLLATE SQL_Latin1_General_CP1_CI_AS  NULL,
  [HoaDonToiThieu] float(53)  NULL,
  [TienGiamToiDa] float(53)  NULL,
  [NgayBatDau] date  NULL,
  [NgayKetThuc] date  NULL,
  [SoLuong] int  NULL
)
GO

ALTER TABLE [dbo].[PhieuGiamGia] SET (LOCK_ESCALATION = TABLE)
GO


-- ----------------------------
-- Records of PhieuGiamGia
-- ----------------------------
BEGIN TRANSACTION
GO

SET IDENTITY_INSERT [dbo].[PhieuGiamGia] ON
GO

INSERT INTO [dbo].[PhieuGiamGia] ([ID], [Ma], [Ten], [HoaDonToiThieu], [TienGiamToiDa], [NgayBatDau], [NgayKetThuc], [SoLuong]) VALUES (N'1', N'rTuojCPsEN', N'kT1Be2oGBx', N'862.30265401923', N'178.723489405448', N'2020-06-09', N'2017-04-05', N'573'), (N'2', N'Yf3VZ26FEs', N'21PlQaBNPL', N'544.474895903665', N'443.465106972634', N'2012-02-16', N'2022-12-04', N'281'), (N'3', N'7U3x8xu0qB', N'aAdYiquae4', N'832.992847712534', N'903.841673272596', N'2012-06-20', N'2013-07-26', N'975'), (N'4', N'VQ5vde7qsi', N'N82WfCQ8c8', N'15.494316965823', N'290.832000879965', N'2015-05-16', N'2014-08-06', N'504'), (N'5', N'9nncxUqYsb', N'BBVdxbRFhR', N'404.818623190722', N'473.060347506081', N'2023-09-15', N'2000-06-15', N'874'), (N'6', N'cXbkO05kkt', N'm1cdquqBc1', N'437.269142848989', N'898.371910179246', N'2018-04-08', N'2015-07-19', N'456'), (N'7', N'1meGO8E0ak', N'Drjcgbrvc9', N'469.842365808841', N'310.676815784608', N'2016-01-10', N'2007-05-30', N'322'), (N'8', N'TcDwdIfhXb', N'SRCvLBmpMp', N'660.221609409724', N'127.710734173548', N'2013-07-03', N'2012-03-16', N'308'), (N'9', N'a5hvkkieDQ', N'n6J0qY7LdQ', N'982.030617738782', N'131.685569390767', N'2001-02-05', N'2001-05-11', N'373'), (N'10', N'UWGX1IzuUc', N'qA0xrzc5Vs', N'453.025964072895', N'770.658149284877', N'2006-06-27', N'2015-05-02', N'657'), (N'11', N'YWv2qFjMLh', N'1LtX2TwZus', N'268.729185527539', N'630.066309006224', N'2000-02-29', N'2011-03-20', N'952'), (N'12', N'lLsqdSXiMH', N'BfkoCk2djh', N'166.546461169355', N'310.869879052192', N'2000-03-25', N'2015-08-26', N'178'), (N'13', N'uszg8CwDJf', N'NbpfHEF6rA', N'437.782775765039', N'196.162248243544', N'2000-06-24', N'2020-10-27', N'512'), (N'14', N'O7eSRgjQyF', N'aFOsMQyZZY', N'700.033398233244', N'483.672027367828', N'2005-06-13', N'2019-08-28', N'186'), (N'15', N'Twl1DNaiPG', N'KI6Vl7GJWP', N'357.784624847967', N'616.659518207889', N'2005-12-07', N'2004-08-06', N'112'), (N'16', N'HxPL7R81s0', N'k4VUXkM4Sj', N'739.953453821467', N'885.146484548911', N'2011-06-12', N'2019-10-15', N'618'), (N'17', N'3u4WMnenHB', N'W7Xl6ZMEgr', N'551.900003883546', N'699.916012915494', N'2000-12-14', N'2001-08-01', N'596'), (N'18', N'VIzPTSx7Hj', N'LHcfBCOtXf', N'90.0681106135473', N'169.649111833033', N'2005-10-22', N'2001-10-05', N'56'), (N'19', N'TthQebxwyK', N'RQ3eTmE5sV', N'440.861367932282', N'840.25159919251', N'2001-07-28', N'2015-01-20', N'273'), (N'20', N'3jo58eJ7jt', N'iDwGUq4bus', N'609.333749027267', N'615.038276188643', N'2021-11-20', N'2017-03-07', N'960'), (N'21', N'ZQZxWXrtQr', N'O3qrQMWEpp', N'250.083887019222', N'857.825129986946', N'2012-12-28', N'2008-11-20', N'677'), (N'22', N'Am8LAyKdKj', N'X3YB9Mjsks', N'576.445029324036', N'97.497949263223', N'2014-04-26', N'2001-02-15', N'341'), (N'23', N'IqljWWediI', N'5pZHr1Lf5A', N'345.65989405826', N'884.978335016227', N'2011-11-30', N'2024-02-26', N'967'), (N'24', N'BWLG2ajC2N', N'U9sC8FOH6R', N'493.889138803123', N'72.1464597833455', N'2024-04-08', N'2019-07-13', N'678'), (N'25', N'E7tlUwfEB3', N'mT5wZLCWCp', N'322.601135606061', N'770.389476503212', N'2011-01-09', N'2023-03-09', N'54'), (N'26', N'4SSCf61ZwL', N'1BYUjiknW8', N'264.957032786529', N'458.860385138744', N'2022-09-24', N'2005-11-19', N'707'), (N'27', N'TlORoUgRIM', N'MvAHa0ycNz', N'47.0462143383929', N'724.373538022432', N'2023-01-10', N'2017-03-04', N'819'), (N'28', N'LBEBcKEUMd', N'2YQg0XgjoN', N'187.63694969817', N'74.5947731072771', N'2022-04-05', N'2002-04-27', N'216'), (N'29', N'6fbgkL6Gqt', N'c1l2IVkJOM', N'78.0563960852433', N'631.106509551313', N'2023-10-23', N'2000-05-19', N'998'), (N'30', N'C61Hh0apSQ', N'wCnEzyTeg3', N'560.745857362307', N'337.41205115658', N'2003-03-15', N'2002-06-03', N'152'), (N'31', N'9SQLs4tZio', N'JSUtaU530h', N'140.757101835342', N'236.266215563939', N'2014-03-06', N'2018-01-08', N'259'), (N'32', N'iOD5QwIUlZ', N'YQBBG2iQKf', N'55.6485270230532', N'943.93707618187', N'2000-01-12', N'2021-11-27', N'472'), (N'33', N'QMOGxKFqyv', N'f92KI7jJLL', N'889.400402146062', N'56.765914101033', N'2010-05-12', N'2006-08-08', N'161'), (N'34', N'9yuTSViNYM', N'mkvq5zrFe3', N'650.548482104174', N'93.1167760169747', N'2023-07-01', N'2020-05-09', N'511'), (N'35', N'ZBMvCHnwZR', N'JMvtyscxd8', N'889.129226187146', N'164.422654190502', N'2005-02-04', N'2008-01-22', N'697'), (N'36', N'uGm1YdwIzU', N'uPPjmHPlVH', N'229.131519708168', N'764.364076860283', N'2012-01-18', N'2000-01-01', N'104'), (N'37', N'KLG4nQQQ8Y', N'bzYcvfSsPq', N'879.960097680128', N'216.872690852542', N'2020-03-06', N'2012-04-11', N'298'), (N'38', N'KPmYavKIKy', N'xFBSrJ6rH9', N'102.029347659939', N'411.700561165744', N'2017-09-11', N'2006-01-30', N'253'), (N'39', N'Pd6ysGxgnx', N'weZw5sYrUB', N'237.592667887621', N'446.674255391668', N'2002-09-26', N'2007-03-05', N'370'), (N'40', N'6SzV9vEsfT', N'ESIM88K75f', N'296.867501979619', N'883.269631129515', N'2008-05-09', N'2010-10-31', N'163'), (N'41', N'U9uJjXIlP0', N'9guhSImW5l', N'734.956875899648', N'143.940431668158', N'2000-08-19', N'2011-05-09', N'635'), (N'42', N'rRXTlCF2LK', N'qBbvp0Ket6', N'242.57511412912', N'739.250440158182', N'2022-01-18', N'2018-04-22', N'247'), (N'43', N'UvkL5qQOsl', N'QnVdYnor18', N'418.381402385619', N'270.026197525671', N'2010-03-22', N'2009-07-01', N'491'), (N'44', N'YYDmAvnKiX', N'7nziU9c8cV', N'612.247320842793', N'373.612273945566', N'2017-07-11', N'2007-10-19', N'658'), (N'45', N'sXPe7ch7Fs', N'hdcdvgkYVQ', N'921.591503919527', N'284.518233736877', N'2021-02-05', N'2007-11-28', N'682'), (N'46', N'lQ94phwocb', N'udIbUx3ui4', N'835.547293151333', N'234.431384612598', N'2000-03-01', N'2013-03-23', N'702'), (N'47', N'yNrrnnU6B8', N'etf3w9wTAT', N'137.047117309241', N'194.946364427453', N'2019-10-26', N'2005-10-09', N'981'), (N'48', N'WeIMWybqYC', N'R8MRRRUeiS', N'114.420679201745', N'602.586632672649', N'2019-09-02', N'2021-07-01', N'276'), (N'49', N'FUDjw74GJo', N'ExG4cdW5eu', N'604.123219204846', N'495.620781029018', N'2022-07-08', N'2005-09-22', N'188'), (N'50', N'1FXo6fKx7g', N'oy7YTffNsN', N'397.09124353813', N'56.6006547341869', N'2008-02-08', N'2023-08-01', N'999')
GO

SET IDENTITY_INSERT [dbo].[PhieuGiamGia] OFF
GO

COMMIT
GO


-- ----------------------------
-- Table structure for Playlist
-- ----------------------------
IF EXISTS (SELECT * FROM sys.all_objects WHERE object_id = OBJECT_ID(N'[dbo].[Playlist]') AND type IN ('U'))
	DROP TABLE [dbo].[Playlist]
GO

CREATE TABLE [dbo].[Playlist] (
  [ID] int  IDENTITY(1,1) NOT NULL,
  [TieuDe] varchar(255) COLLATE SQL_Latin1_General_CP1_CI_AS  NULL,
  [TenTacGia] varchar(255) COLLATE SQL_Latin1_General_CP1_CI_AS  NULL,
  [NgayPhatHanh] date  NULL,
  [TheLoai] varchar(100) COLLATE SQL_Latin1_General_CP1_CI_AS  NULL,
  [NhaPhatHanh] varchar(255) COLLATE SQL_Latin1_General_CP1_CI_AS  NULL,
  [SoLuong] int  NULL,
  [NgonNgu] varchar(50) COLLATE SQL_Latin1_General_CP1_CI_AS  NULL
)
GO

ALTER TABLE [dbo].[Playlist] SET (LOCK_ESCALATION = TABLE)
GO


-- ----------------------------
-- Records of Playlist
-- ----------------------------
BEGIN TRANSACTION
GO

SET IDENTITY_INSERT [dbo].[Playlist] ON
GO

INSERT INTO [dbo].[Playlist] ([ID], [TieuDe], [TenTacGia], [NgayPhatHanh], [TheLoai], [NhaPhatHanh], [SoLuong], [NgonNgu]) VALUES (N'1', N'Kiwi elite', N'Sakurai Momoe', N'2013-07-21', N'Baby', N'Tony Trading Inc.', N'314', N'VietNam'), (N'2', N'iKiwi', N'Dorothy Price', N'2011-09-09', N'Clothing, Shoes and Jewelry', N'Sakura Communications Corporation', N'795', N'VietNam'), (N'3', N'Pduots mini', N'Kathryn Reynolds', N'2017-09-10', N'Others', N'Henderson Engineering Inc.', N'783', N'English'), (N'4', N'Orange', N'Yung Wing Sze', N'2013-04-12', N'Beauty', N'Aoi Pharmaceutical Corporation', N'853', N'English'), (N'5', N'Gzape', N'Louis Gonzalez', N'2022-08-28', N'Beauty', N'So Kee Industrial Limited', N'954', N'VietNam'), (N'6', N'Apple', N'Kong Yuning', N'2006-04-18', N'Musical Instrument', N'Hina Food Corporation', N'20', N'VietNam'), (N'7', N'Appte elite', N'Gary Cox', N'2016-01-13', N'Baby', N'Kwok''s Logistic Limited', N'356', N'English'), (N'8', N'Pluots plus', N'Shimizu Ayato', N'2004-04-19', N'Others', N'Shimizu Corporation', N'773', N'English'), (N'9', N'Raspberry elite', N'Tanaka Mitsuki', N'2003-08-17', N'Baggage & Travel Equipment', N'Yuen''s Engineering Limited', N'748', N'English'), (N'10', N'Pyuots premium', N'Wu Zitao', N'2010-01-13', N'Apps & Games', N'Fung''s Consultants Limited', N'952', N'English'), (N'11', N'Kiyi elite', N'Kojima Takuya', N'2018-02-25', N'Others', N'Fang Engineering Company Limited', N'653', N'English'), (N'12', N'Raspberry se', N'Margaret Owens', N'2006-08-12', N'Handcrafts', N'Hana Corporation', N'598', N'VietNam'), (N'13', N'Grape core', N'Jia Rui', N'2001-06-19', N'Computers & Electronics', N'Young''s Inc.', N'522', N'English'), (N'14', N'Grape pi', N'Ku Suk Yee', N'2007-01-29', N'Toys & Games', N'Airi Logistic Corporation', N'560', N'English'), (N'15', N'iRambutan', N'Sit Fu Shing', N'2007-01-25', N'Industrial & Scientific Supplies', N'Mendez Brothers LLC', N'497', N'English'), (N'16', N'Pluots', N'Nakajima Ayato', N'2002-04-09', N'Centurion Garden & Outdoor', N'Yoshida Corporation', N'546', N'English'), (N'17', N'Orange', N'Saito Aoshi', N'2021-04-19', N'Household & Kitchen Appliances', N'Ziyi Network Systems Company Limited', N'430', N'VietNam'), (N'18', N'ultra-Ptuots', N'Kimberly Richardson', N'2015-12-18', N'Sports & Outdoor', N'Seiko Telecommunication Corporation', N'891', N'English'), (N'19', N'Raipberry elite', N'Lee Kelley', N'2013-06-30', N'Beauty', N'Smith''s Telecommunication Inc.', N'335', N'English'), (N'20', N'Manno mini', N'Yamaguchi Mio', N'2020-06-01', N'Food', N'Zhiyuan Company Limited', N'370', N'VietNam'), (N'21', N'Strawberry pro', N'Wu Xiaoming', N'2010-12-29', N'Baby', N'Anne Telecommunication LLC', N'283', N'English'), (N'22', N'Apple', N'Douglas Patterson', N'2012-12-07', N'Industrial & Scientific Supplies', N'Rui Company Limited', N'633', N'English'), (N'23', N'rrange', N'Nomura Mitsuki', N'2008-01-09', N'Others', N'Ziyi Company Limited', N'700', N'English'), (N'24', N'Cherry elite', N'Cynthia Snyder', N'2009-02-08', N'Beauty', N'Wai Yee Limited', N'204', N'VietNam'), (N'25', N'ambi-Raspberry', N'To Tak Wah', N'2014-10-09', N'Centurion Garden & Outdoor', N'Wells Food Inc.', N'892', N'English'), (N'26', N'Kiwi', N'Chang Kar Yan', N'2023-01-16', N'Toys & Games', N'Wu Kee Property Company Limited', N'372', N'English'), (N'27', N'Strawberry', N'Pauline Kelly', N'2024-03-31', N'Automotive Parts & Accessories', N'Hana Pharmaceutical Corporation', N'738', N'VietNam'), (N'28', N'gtrawberry mini', N'Han Zhennan', N'2000-04-14', N'Baggage & Travel Equipment', N'Masuda Electronic Corporation', N'777', N'VietNam'), (N'29', N'Apple', N'Jin Rui', N'2019-11-14', N'Computers & Electronics', N'Siu''s Property Limited', N'131', N'English'), (N'30', N'Strawberry', N'Koon Kwok Ming', N'2023-07-05', N'Apps & Games', N'Arai Corporation', N'154', N'VietNam'), (N'31', N'crape', N'Ku Chi Ming', N'2002-03-12', N'Books', N'Wing Sze Development & Trading Limited', N'284', N'VietNam'), (N'32', N'Straoberry', N'Zheng Yuning', N'2021-02-21', N'Sports & Outdoor', N'Jesse Technology Inc.', N'720', N'English'), (N'33', N'Rambstan', N'Hara Kasumi', N'2010-07-30', N'Computers & Electronics', N'Yuna Corporation', N'740', N'English'), (N'34', N'Kkwi', N'Sylvia Ortiz', N'2019-02-04', N'Sports & Outdoor', N'Hunter''s Network Systems Inc.', N'937', N'VietNam'), (N'35', N'dpple', N'Qin Zhiyuan', N'2015-09-26', N'Baby', N'Yeow Kee Property Limited', N'490', N'VietNam'), (N'36', N'ipple', N'Yamazaki Hikari', N'2014-08-02', N'Arts, Handicrafts & Sewing', N'Lan Pharmaceutical Company Limited', N'406', N'VietNam'), (N'37', N'Rambutzn core', N'Yam Ka Keung', N'2009-08-09', N'Cell Phones & Accessories', N'Marshall Network Systems Inc.', N'730', N'English'), (N'38', N'Apple core', N'Lu Xiaoming', N'2007-04-27', N'Handcrafts', N'Sarah Technology LLC', N'407', N'VietNam'), (N'39', N'Rambatan', N'Liang Zitao', N'2000-10-18', N'Handcrafts', N'Yuen Kee Limited', N'683', N'VietNam'), (N'40', N'Pluxts', N'Xu Jiehong', N'2001-12-06', N'Collectibles & Fine Art', N'Kao Kee Limited', N'99', N'English'), (N'41', N'Raspberry', N'Luo Jiehong', N'2006-02-15', N'Film Supplies', N'Gao Kee Industrial Company Limited', N'686', N'VietNam'), (N'42', N'omni-Apple', N'Charlotte Perez', N'2022-12-16', N'Food', N'Shino Communications Corporation', N'548', N'VietNam'), (N'43', N'Knwi', N'Gong Anqi', N'2023-07-07', N'Baby', N'Zhennan Engineering Company Limited', N'46', N'VietNam'), (N'44', N'Kiwi', N'Miyamoto Riku', N'2004-04-24', N'Beauty', N'Pang''s Network Systems Limited', N'223', N'English'), (N'45', N'Grape air', N'Yu Lu', N'2016-05-18', N'Video Games', N'Tin Lok Electronic Limited', N'866', N'English'), (N'46', N'omni-Grape', N'Ichikawa Kenta', N'2008-10-16', N'Appliances', N'Ito Logistic Corporation', N'300', N'English'), (N'47', N'Raspberry', N'Janet Ramirez', N'2012-12-04', N'Beauty & Personal Care', N'Yu Communications Company Limited', N'797', N'VietNam'), (N'48', N'iCherry', N'Bernard Ramirez', N'2021-06-16', N'Beauty', N'Ti Kee Limited', N'276', N'VietNam'), (N'49', N'ultra-saspberry', N'Yin Hok Yau', N'2008-05-01', N'Sports & Outdoor', N'Iwasaki Corporation', N'590', N'VietNam'), (N'50', N'Mango', N'Kobayashi Ayano', N'2008-08-26', N'Collectibles & Fine Art', N'Yuen''s Limited', N'680', N'English')
GO

SET IDENTITY_INSERT [dbo].[Playlist] OFF
GO

COMMIT
GO


-- ----------------------------
-- Table structure for Sach
-- ----------------------------
IF EXISTS (SELECT * FROM sys.all_objects WHERE object_id = OBJECT_ID(N'[dbo].[Sach]') AND type IN ('U'))
	DROP TABLE [dbo].[Sach]
GO

CREATE TABLE [dbo].[Sach] (
  [ID] int  IDENTITY(1,1) NOT NULL,
  [Ma] varchar(20) COLLATE SQL_Latin1_General_CP1_CI_AS  NULL,
  [Ten] nvarchar(30) COLLATE SQL_Latin1_General_CP1_CI_AS  NULL,
  [SoTrang] int  NULL,
  [DonGia] decimal(20)  NULL,
  [IdNXB] int  NULL,
  [TrangThai] int  NULL
)
GO

ALTER TABLE [dbo].[Sach] SET (LOCK_ESCALATION = TABLE)
GO


-- ----------------------------
-- Records of Sach
-- ----------------------------
BEGIN TRANSACTION
GO

SET IDENTITY_INSERT [dbo].[Sach] ON
GO

INSERT INTO [dbo].[Sach] ([ID], [Ma], [Ten], [SoTrang], [DonGia], [IdNXB], [TrangThai]) VALUES (N'1', N'gLzmgaBpAp', N'aambutan mini', N'791', N'158', N'29', N'1'), (N'2', N'1Tga3GKHHC', N'dpple', N'713', N'39', N'33', N'1'), (N'3', N'klIHTjnPVO', N'ambi-spple', N'982', N'239', N'32', N'1'), (N'4', N'91FsuqBWtE', N'Mango', N'204', N'397', N'36', N'1'), (N'5', N'JyvkA8xFpP', N'omni-Pluots', N'563', N'505', N'10', N'1'), (N'6', N'm4cmDTcByX', N'qiwi air', N'581', N'759', N'16', N'0'), (N'7', N'HxRsrMOkSj', N'Raspberry', N'48', N'46', N'33', N'0'), (N'8', N'Z48TuCJziw', N'Apple', N'224', N'179', N'44', N'0'), (N'9', N'c7eXeyGP7W', N'ultra-Orance', N'705', N'210', N'33', N'1'), (N'10', N'6oTKOdScpr', N'Cierry', N'445', N'237', N'6', N'1'), (N'11', N'onp8Xr5IwS', N'Apple core', N'766', N'440', N'16', N'1'), (N'12', N'6nwOFwG9FD', N'Kmwi premium', N'587', N'882', N'31', N'1'), (N'13', N'PAcCEmimE4', N'Pluots core', N'780', N'923', N'12', N'1'), (N'14', N'FmiwJtfUfN', N'Strawbepry', N'25', N'999', N'0', N'0'), (N'15', N'uzmXZRqOSY', N'Ormnge', N'148', N'216', N'26', N'0'), (N'16', N'7UY6g9oC0p', N'Kiwi', N'484', N'271', N'19', N'0'), (N'17', N'Q63F7iwGuK', N'Orenge', N'594', N'852', N'12', N'0'), (N'18', N'7WJ0Vr2jjA', N'dango', N'733', N'884', N'16', N'1'), (N'19', N'fAMZ6ziL5x', N'Pluoas', N'343', N'845', N'17', N'0'), (N'20', N'n4CfAMatJ7', N'Grape', N'630', N'177', N'13', N'0'), (N'21', N'967z8HDl0H', N'iOrdnge', N'55', N'118', N'35', N'1'), (N'22', N'siRtbh63TE', N'zluots', N'381', N'590', N'40', N'1'), (N'23', N'a9mi4qTLTQ', N'Mbngo', N'408', N'427', N'14', N'0'), (N'24', N'xM19FvxaAM', N'aiwi core', N'714', N'255', N'28', N'0'), (N'25', N'w47LlHVZZa', N'Kiwi', N'98', N'619', N'49', N'1'), (N'26', N's5deHEJ21v', N'Strawberry', N'354', N'20', N'22', N'1'), (N'27', N'bnYvbEqHwl', N'prape', N'866', N'590', N'46', N'0'), (N'28', N'5GUH92AvBs', N'Rambutan', N'74', N'920', N'30', N'1'), (N'29', N'0v6fXHlsDO', N'Oramge plus', N'133', N'995', N'39', N'0'), (N'30', N'GaEofSzh05', N'Cheory', N'742', N'246', N'50', N'1'), (N'31', N'drbjdSKpZm', N'Macgo', N'531', N'463', N'37', N'1'), (N'32', N'Eu712lEKUL', N'Orange', N'204', N'876', N'21', N'1'), (N'33', N'5aQVuBoFaA', N'Apple', N'822', N'397', N'16', N'0'), (N'34', N'0CqXwJatKo', N'ultra-Raspberry', N'718', N'803', N'25', N'1'), (N'35', N'BJcHxakv3A', N'Aptle air', N'551', N'718', N'41', N'0'), (N'36', N'ONwmLzWTuf', N'Rambutrn', N'882', N'227', N'35', N'0'), (N'37', N'XMgXhXQjf3', N'Mango', N'865', N'343', N'32', N'0'), (N'38', N'rMJCrIDeQz', N'maspberry', N'248', N'76', N'38', N'1'), (N'39', N'7sWUbrOkF6', N'ultra-Pkuots', N'451', N'121', N'29', N'0'), (N'40', N'4qqSLdVLBl', N'liwi', N'99', N'827', N'22', N'1'), (N'41', N'4Ap9nHhlmP', N'Orznge', N'537', N'198', N'7', N'1'), (N'42', N'XVXozG8i4o', N'Gpape', N'403', N'320', N'19', N'0'), (N'43', N'RXZWekac7N', N'Strawberry pi', N'304', N'993', N'38', N'0'), (N'44', N'Be81Y8JuSG', N'irape', N'705', N'715', N'2', N'1'), (N'45', N'7wOCmymlb7', N'Apple se', N'592', N'958', N'32', N'0'), (N'46', N'aXkcZ0z8ZC', N'Rakpberry', N'822', N'64', N'20', N'0'), (N'47', N'B3cvLR9S4B', N'ultra-Mango', N'202', N'987', N'35', N'0'), (N'48', N'ZwcUQT6GWV', N'Gqape', N'980', N'116', N'7', N'1'), (N'49', N'otzemqSdjc', N'Apple plus', N'773', N'305', N'29', N'1'), (N'50', N'C78zXod9KL', N'omni-Rcspberry', N'690', N'107', N'47', N'0')
GO

SET IDENTITY_INSERT [dbo].[Sach] OFF
GO

COMMIT
GO


-- ----------------------------
-- Table structure for SanPham
-- ----------------------------
IF EXISTS (SELECT * FROM sys.all_objects WHERE object_id = OBJECT_ID(N'[dbo].[SanPham]') AND type IN ('U'))
	DROP TABLE [dbo].[SanPham]
GO

CREATE TABLE [dbo].[SanPham] (
  [ID] int  IDENTITY(1,1) NOT NULL,
  [Ma] varchar(20) COLLATE SQL_Latin1_General_CP1_CI_AS  NULL,
  [Ten] nvarchar(30) COLLATE SQL_Latin1_General_CP1_CI_AS  NULL,
  [Mota] nvarchar(30) COLLATE SQL_Latin1_General_CP1_CI_AS  NULL,
  [Website] nvarchar(30) COLLATE SQL_Latin1_General_CP1_CI_AS  NULL,
  [GiaBan] decimal(20)  NULL,
  [SoLuong] int  NULL,
  [IdLoaiSP] int  NULL,
  [TrangThai] int  NULL
)
GO

ALTER TABLE [dbo].[SanPham] SET (LOCK_ESCALATION = TABLE)
GO


-- ----------------------------
-- Records of SanPham
-- ----------------------------
BEGIN TRANSACTION
GO

SET IDENTITY_INSERT [dbo].[SanPham] ON
GO

INSERT INTO [dbo].[SanPham] ([ID], [Ma], [Ten], [Mota], [Website], [GiaBan], [SoLuong], [IdLoaiSP], [TrangThai]) VALUES (N'1', N'9UNqEWRdQD', N'Cherry', N'D1oXRqzjd4', N'drive.kondomai.us', N'570', N'897', N'21', N'0'), (N'2', N'ghHoTuEbhx', N'Raebutan mini', N'1oGW8ajYoj', N'image.takahashim70.com', N'109', N'432', N'33', N'1'), (N'3', N'HNToBCuNdF', N'Kiwi', N'm3jnZyHBW6', N'image.yulei.net', N'671', N'992', N'3', N'1'), (N'4', N'iOGyRNRMzt', N'Apple core', N'bS9isdV1c1', N'www.lahy.xyz', N'110', N'799', N'47', N'1'), (N'5', N'so3APDOeRp', N'Plcots', N'ZnCNn6Azwc', N'www.ngwaiman.xyz', N'67', N'379', N'21', N'1'), (N'6', N'2YvTWozSno', N'ultra-Orange', N'7AT5kysHvw', N'image.zitao927.co.jp', N'235', N'351', N'21', N'0'), (N'7', N'XhZj1qoFc0', N'Apple elite', N'9HI7DtWWPY', N'drive.yyu.cn', N'674', N'166', N'18', N'1'), (N'8', N'bQni0qGsUt', N'ultra-utrawberry', N'kTThtAiNrc', N'drive.muisz2019.info', N'219', N'294', N'2', N'1'), (N'9', N'S8HVxvXb4t', N'Strawberry', N'yeHQVSksun', N'drive.perezarthur.com', N'82', N'4', N'48', N'1'), (N'10', N'mnZ4yDYjv3', N'xiwi', N'asQzR1WjrF', N'www.maisa.cn', N'314', N'586', N'3', N'1'), (N'11', N'0rU0VhXtie', N'Kiwi', N'cVICGdAufs', N'video.zzheng1124.net', N'733', N'236', N'6', N'0'), (N'12', N'Ir2uQQ3WDa', N'Mango', N'wYuqsCQFSu', N'drive.jialyuan4.com', N'433', N'200', N'29', N'1'), (N'13', N'EawmUPpRGe', N'Oranwe se', N'NfIYXKIf4Y', N'video.kudoair.us', N'703', N'168', N'46', N'0'), (N'14', N'fsSXlPJtZx', N'ambi-Cherry', N'BAALZOtEzW', N'image.cynthia630.jp', N'97', N'357', N'38', N'0'), (N'15', N'FkiooEeZJC', N'Apple air', N'Xj5G72AAWM', N'auth.anhu.jp', N'9', N'448', N'36', N'1'), (N'16', N'CYDbJPzbIE', N'ultra-Cherry', N'ashFgqNU8h', N'video.bcas.com', N'443', N'913', N'44', N'0'), (N'17', N'DDa3ilBFO9', N'Rambutan', N'2PpwjKgCpM', N'video.haramai1123.jp', N'615', N'309', N'44', N'1'), (N'18', N'1QkQXIjPR2', N'Pluots pi', N'jPXBY7OM52', N'drive.mui326.xyz', N'892', N'319', N'8', N'1'), (N'19', N'rvNamZzslH', N'Raspherry', N'd8lHOchfMg', N'video.lachoyee.com', N'246', N'367', N'28', N'0'), (N'20', N'gf4npv1KT8', N'Cherry se', N'YPOrUblMFz', N'www.shiyoshi1.org', N'977', N'299', N'6', N'1'), (N'21', N'wEPMn7o1up', N'Pluots', N'WuPtnwgbkj', N'drive.egutierrez.cn', N'960', N'931', N'45', N'0'), (N'22', N'juu9Jz5iAE', N'Apple', N'uusiVZlZz9', N'video.yujia.org', N'237', N'244', N'28', N'0'), (N'23', N'COH7kaI1Ed', N'oambutan', N's8Zc60BOQS', N'video.daisuke102.com', N'450', N'680', N'11', N'1'), (N'24', N'JmckvmBcoQ', N'Kiai air', N'CrP3jMSp17', N'video.patrickmendez.co.jp', N'911', N'815', N'22', N'0'), (N'25', N'Zd89hi4K2n', N'Cherry', N'OfKJ5FQDLn', N'image.wilsoje420.co.jp', N'444', N'926', N'28', N'0'), (N'26', N'IKZr1sOFW9', N'Raspberry', N'cMrFXYO0ze', N'image.lame.net', N'607', N'726', N'8', N'0'), (N'27', N'xvyff8caLV', N'diwi pro', N'j9U4pBMr77', N'video.caoxiaoming415.jp', N'17', N'615', N'31', N'1'), (N'28', N'Lo2vmJg78w', N'Orajge', N'EIYtvqEmNo', N'image.jeremym10.jp', N'561', N'736', N'8', N'0'), (N'29', N'zTyh4nNkC7', N'dambutan elite', N'GdWPJNQo7V', N'drive.fk8.biz', N'494', N'37', N'17', N'1'), (N'30', N'COk9CMGqip', N'Cherny', N'LzT0amMHvf', N'drive.patrik.jp', N'205', N'735', N'4', N'1'), (N'31', N'ME2TGUfnxV', N'brape', N'KtFT2TuWF8', N'auth.huyun3.com', N'896', N'658', N'40', N'0'), (N'32', N'7IpALjFqn8', N'Grape', N'0Y60FSBqgI', N'image.sxiaoming.info', N'685', N'929', N'14', N'1'), (N'33', N'e3OBAO8zWD', N'Grase air', N'CdR0RcEgz4', N'image.frgonz42.cn', N'262', N'230', N'22', N'1'), (N'34', N'DCkFNNUP2S', N'omni-Strawberry', N'z37t5pBvzB', N'drive.zhliang.jp', N'239', N'822', N'8', N'0'), (N'35', N'zGfqyuel6T', N'Manpo pro', N'xH6GBrf3pu', N'drive.daisukena91.net', N'35', N'896', N'42', N'1'), (N'36', N'roQykQggXu', N'Glape pro', N'Mke10Jc5Mk', N'image.cwtang.com', N'876', N'677', N'18', N'0'), (N'37', N'gM3WHPRCGF', N'Strawbvrry', N'oOkt1XdnxI', N'auth.suanqi.us', N'273', N'829', N'7', N'0'), (N'38', N'MDYoQJ6yux', N'Aople', N'IQqXJc9iDT', N'image.roco.org', N'35', N'738', N'7', N'0'), (N'39', N'pLkpR87IlB', N'uherry', N'12FX2CAFYm', N'video.zitaosh1121.info', N'739', N'481', N'15', N'0'), (N'40', N'sT4iZEWiBc', N'Pauots', N'L2A9NFhOBu', N'image.takuym.org', N'691', N'307', N'8', N'0'), (N'41', N'O0MOaSnt3K', N'Strawberhy', N'h6kSLuYxwS', N'www.hlaiyan.jp', N'175', N'643', N'10', N'0'), (N'42', N'ZpzEPEoopk', N'Strawbergy', N'EBfB1W0PVb', N'video.yuningdai1992.org', N'542', N'964', N'27', N'0'), (N'43', N'nc4W7hdHnj', N'Svrawberry', N'izyVrb20Kb', N'image.tamurtakuy.org', N'517', N'784', N'39', N'1'), (N'44', N'HipmrzF0ep', N'Grape', N'jLSgdPZ4Ls', N'www.ruzhu.net', N'226', N'558', N'45', N'0'), (N'45', N'mIODcXzcrk', N'Agple premium', N'EYxJp8DXEA', N'video.crui70.us', N'474', N'555', N'26', N'1'), (N'46', N'Z6LDQZa10F', N'Kili', N'cAkOctzHXP', N'www.chin51.cn', N'522', N'708', N'8', N'1'), (N'47', N'NOx7w4jy7f', N'Pluots elite', N'CQMEzDhJ9D', N'video.wingsueny.info', N'244', N'601', N'44', N'0'), (N'48', N'mAPr6Qo0Xt', N'Kiwi', N'O7PjXPHiaF', N'auth.chutl512.cn', N'781', N'113', N'28', N'0'), (N'49', N'jwjg0ECwdn', N'ultra-Strawberry', N'1X4turKFgw', N'video.kazuma1202.co.jp', N'513', N'637', N'35', N'1'), (N'50', N'7zO3vn3Oop', N'crange', N'CWFYi4Ocl7', N'www.kmso.cn', N'811', N'822', N'10', N'0')
GO

SET IDENTITY_INSERT [dbo].[SanPham] OFF
GO

COMMIT
GO


-- ----------------------------
-- Table structure for SinhVien
-- ----------------------------
IF EXISTS (SELECT * FROM sys.all_objects WHERE object_id = OBJECT_ID(N'[dbo].[SinhVien]') AND type IN ('U'))
	DROP TABLE [dbo].[SinhVien]
GO

CREATE TABLE [dbo].[SinhVien] (
  [ID] int  IDENTITY(1,1) NOT NULL,
  [Ma] varchar(20) COLLATE SQL_Latin1_General_CP1_CI_AS  NULL,
  [Ten] nvarchar(50) COLLATE SQL_Latin1_General_CP1_CI_AS  NULL,
  [GioiTinh] bit  NULL,
  [Tuoi] int  NULL
)
GO

ALTER TABLE [dbo].[SinhVien] SET (LOCK_ESCALATION = TABLE)
GO


-- ----------------------------
-- Records of SinhVien
-- ----------------------------
BEGIN TRANSACTION
GO

SET IDENTITY_INSERT [dbo].[SinhVien] ON
GO

INSERT INTO [dbo].[SinhVien] ([ID], [Ma], [Ten], [GioiTinh], [Tuoi]) VALUES (N'1', N'rTVhgbWuK1', N'Lu Shihan', N'1', N'21'), (N'2', N'sA0JZzkVYZ', N'Tang Anqi', N'1', N'28'), (N'3', N'Z433Fr7LvN', N'Koo Siu Wai', N'1', N'19'), (N'4', N'VQhslXNL1I', N'Lam Fu Shing', N'0', N'28'), (N'5', N'iAQWfflagS', N'Qiu Anqi', N'1', N'18'), (N'6', N'iBwE1punDK', N'Deng Yunxi', N'1', N'26'), (N'7', N'QzW5lRCHFJ', N'Vincent Spencer', N'0', N'29'), (N'8', N'8cBbvR68qa', N'Shibata Riku', N'1', N'19'), (N'9', N'bmdqBhUKDL', N'Sheh Kwok Yin', N'0', N'27'), (N'10', N'oWbEeMumm9', N'Pan Zhiyuan', N'1', N'24'), (N'11', N'O5zWc10DVu', N'Kwok Wai Lam', N'0', N'27'), (N'12', N'BERcSzSno9', N'Zheng Yuning', N'0', N'27'), (N'13', N'FjnbjIqIgO', N'Robert Herrera', N'1', N'26'), (N'14', N'XPnOmaWqU8', N'Fang Ziyi', N'0', N'29'), (N'15', N'goIEdIcv8r', N'Eleanor Scott', N'1', N'28'), (N'16', N'spYa9aYx0c', N'Hayashi Ren', N'1', N'25'), (N'17', N'lysgsf8num', N'Mo Yunxi', N'1', N'28'), (N'18', N'FannQA86rb', N'Albert Shaw', N'0', N'27'), (N'19', N'Z2YIv3z8sm', N'Eleanor Hall', N'0', N'20'), (N'20', N'Wt0XiQxgWJ', N'Feng Lu', N'1', N'29'), (N'21', N'yOBk8rtjqf', N'Yuen Ka Keung', N'0', N'22'), (N'22', N'UD2LRmFNQV', N'Lok Ming', N'1', N'23'), (N'23', N'tWBOznwebR', N'Jiang Anqi', N'0', N'21'), (N'24', N'm8MGQIxZrv', N'Yamada Kaito', N'1', N'27'), (N'25', N'QnT8pz2guk', N'Kikuchi Kazuma', N'0', N'18'), (N'26', N'VBv7SwCKqm', N'Gao Zhennan', N'0', N'19'), (N'27', N'M883Z0S8TH', N'Dawn Adams', N'0', N'29'), (N'28', N'ARIcLUbs3s', N'Luo Rui', N'0', N'27'), (N'29', N'imRsqPGTGd', N'Gu Rui', N'1', N'29'), (N'30', N'qV5IGRIte7', N'Ying Wai San', N'1', N'21'), (N'31', N'SmmZ3f0KwK', N'Xia Yunxi', N'1', N'23'), (N'32', N'F8SxJZKE4W', N'Tanaka Rena', N'0', N'20'), (N'33', N'BG67pTctDH', N'Mo Ziyi', N'0', N'26'), (N'34', N'N0aKGiC96s', N'Mao Zhennan', N'1', N'22'), (N'35', N'48PVoJ2kY9', N'Okamoto Kasumi', N'1', N'28'), (N'36', N'DSrqjt53iZ', N'Murakami Yota', N'1', N'20'), (N'37', N'CQu46My0FH', N'Sean Fox', N'0', N'19'), (N'38', N'TeUtibUFcJ', N'Charlotte Mendoza', N'1', N'27'), (N'39', N'Uo15gXNVLp', N'Kao Ka Man', N'0', N'24'), (N'40', N'WWdLz1hO5u', N'Noguchi Hana', N'0', N'28'), (N'41', N'8oo2uzMcoK', N'Jack Washington', N'1', N'29'), (N'42', N'uNSA9bGYN5', N'Rhonda Nelson', N'0', N'28'), (N'43', N'SPRH6nOHDo', N'Yamamoto Seiko', N'0', N'30'), (N'44', N'S1Ar4ZmuzO', N'Yuen Ka Ling', N'1', N'23'), (N'45', N'KuvpKX0QJm', N'Taniguchi Ikki', N'1', N'21'), (N'46', N's7fysDYIEh', N'Daniel Watson', N'0', N'18'), (N'47', N'VsLNpVfpVZ', N'Dong Anqi', N'0', N'21'), (N'48', N'nUMtAUjaLN', N'Zhang Xiaoming', N'0', N'22'), (N'49', N'ZipaHVKnbC', N'Yuen Hok Yau', N'0', N'28'), (N'50', N'dg3h8D64td', N'Nathan Reyes', N'0', N'24')
GO

SET IDENTITY_INSERT [dbo].[SinhVien] OFF
GO

COMMIT
GO


-- ----------------------------
-- Table structure for XeMay
-- ----------------------------
IF EXISTS (SELECT * FROM sys.all_objects WHERE object_id = OBJECT_ID(N'[dbo].[XeMay]') AND type IN ('U'))
	DROP TABLE [dbo].[XeMay]
GO

CREATE TABLE [dbo].[XeMay] (
  [ID] int  IDENTITY(1,1) NOT NULL,
  [Ma] varchar(20) COLLATE SQL_Latin1_General_CP1_CI_AS  NULL,
  [Ten] nvarchar(30) COLLATE SQL_Latin1_General_CP1_CI_AS  NULL,
  [Mota] nvarchar(30) COLLATE SQL_Latin1_General_CP1_CI_AS  NULL,
  [GiaNhap] decimal(20)  NULL,
  [GiaBan] decimal(20)  NULL,
  [SoLuong] int  NULL,
  [Website] nvarchar(30) COLLATE SQL_Latin1_General_CP1_CI_AS  NULL,
  [IdLXM] int  NULL,
  [TrangThai] int  NULL
)
GO

ALTER TABLE [dbo].[XeMay] SET (LOCK_ESCALATION = TABLE)
GO


-- ----------------------------
-- Records of XeMay
-- ----------------------------
BEGIN TRANSACTION
GO

SET IDENTITY_INSERT [dbo].[XeMay] ON
GO

INSERT INTO [dbo].[XeMay] ([ID], [Ma], [Ten], [Mota], [GiaNhap], [GiaBan], [SoLuong], [Website], [IdLXM], [TrangThai]) VALUES (N'1', N'784tdiDEeo', N'Mango', N'HjosD08qzb', N'176', N'510', N'768', N'image.ueda10.co.jp', N'32', N'0'), (N'2', N'dDO75O8afY', N'Maago', N'IuBfxOSPOM', N'289', N'669', N'341', N'www.rhondag.xyz', N'16', N'1'), (N'3', N'iQN5Qb6fNb', N'Apple se', N'pOS8HdigBJ', N'905', N'506', N'98', N'auth.henderson3.biz', N'38', N'0'), (N'4', N'Rs4cJ6VKW5', N'Grape', N'L83qCNcxep', N'295', N'838', N'278', N'image.nakayama1.org', N'15', N'1'), (N'5', N'C3HL34Svou', N'Rqmbutan', N'gwmVnY9rlf', N'609', N'201', N'939', N'drive.yanrui.com', N'37', N'1'), (N'6', N'eT31qea7nz', N'Chyrry', N'U64a19XWf1', N'568', N'461', N'192', N'auth.wingfatla16.jp', N'34', N'0'), (N'7', N'LreSURwOTR', N'Orange', N'wlpJnO6t6E', N'52', N'474', N'468', N'www.lulin10.com', N'13', N'1'), (N'8', N'xLMicwi0H7', N'Pluots', N'5erWjdBdlJ', N'83', N'69', N'488', N'auth.shirui.net', N'35', N'0'), (N'9', N'EIUwtNbmSr', N'ambi-Kiwi', N'7bfB1nAqTE', N'190', N'717', N'980', N'image.zhennant.biz', N'48', N'0'), (N'10', N'4nsNU5KHAJ', N'Kiwi premium', N'lAQ1uV3lRO', N'161', N'791', N'57', N'video.tammywright.com', N'0', N'0'), (N'11', N'GAhllGOIw8', N'Pluots core', N'KV8gEIrP4g', N'64', N'999', N'645', N'drive.joanne50.co.jp', N'11', N'0'), (N'12', N'TzJMwDjBmk', N'ambi-Raspberry', N'D8Ww9A68lI', N'311', N'534', N'801', N'image.cx5.us', N'46', N'1'), (N'13', N'0toqCXSMSR', N'Ghape', N'P3zwbvKdNd', N'212', N'333', N'42', N'drive.wardmanuel1956.jp', N'50', N'0'), (N'14', N'fOJC6sqgxN', N'omni-Rasqberry', N'3l0BwqRw1q', N'487', N'324', N'372', N'video.yungsw.jp', N'1', N'0'), (N'15', N'xvrU4ieTlm', N'Mango', N'yNHubj0Ltg', N'723', N'180', N'716', N'drive.hazukis4.co.jp', N'0', N'1'), (N'16', N'xwlQVnGMC9', N'Pluots se', N'NRtFfjmiUk', N'714', N'33', N'410', N'video.swch75.co.jp', N'13', N'1'), (N'17', N'ch6ENXYirF', N'Apple', N'2oWxXNuXc7', N'484', N'118', N'897', N'www.jialunxue.jp', N'16', N'0'), (N'18', N'rfxorRSNt5', N'xMango', N'KrvjN8a55b', N'129', N'232', N'607', N'video.karyankwan.xyz', N'22', N'1'), (N'19', N'3RtqZx4gmB', N'Apple elite', N'y1rwFSV67V', N'483', N'292', N'264', N'video.fmai.us', N'14', N'0'), (N'20', N'xNED1V5Y0s', N'Mango elite', N'HSgfP4IkHU', N'285', N'239', N'50', N'auth.mokwail2.biz', N'5', N'0'), (N'21', N'S7uJosiLx4', N'iKiki', N'RUXI8ekPaK', N'322', N'785', N'535', N'auth.marcuskin.xyz', N'48', N'1'), (N'22', N'3ch4CRMu9A', N'Orange', N'9nxSgWFmt1', N'724', N'273', N'566', N'www.chiyuenla820.biz', N'47', N'0'), (N'23', N'4ofJ94Y0KF', N'Plusts', N'EDmObbxryN', N'642', N'969', N'396', N'image.foxroge.jp', N'12', N'0'), (N'24', N'ue8O6RC1O4', N'Kivi', N'sqWICkIZoZ', N'707', N'752', N'265', N'auth.cheryl1988.co.jp', N'7', N'0'), (N'25', N'7wEwCDhQ4T', N'Orange', N'gakWVAk0cF', N'134', N'987', N'288', N'www.jenkinsdawn.jp', N'1', N'0'), (N'26', N'zgSbpd5hPl', N'wambutan core', N'xlFBe8Yh34', N'70', N'56', N'416', N'www.okammi508.com', N'36', N'1'), (N'27', N'dhyowUm8Fr', N'ultra-Rambutan', N'9LrSWUqXtq', N'568', N'747', N'41', N'www.peter110.biz', N'49', N'0'), (N'28', N'IeXdoEVkqw', N'Kiwi premium', N'6tyJLJ7IXt', N'346', N'186', N'122', N'www.yulu.us', N'30', N'1'), (N'29', N'vsFrqP4RoM', N'Kiwi', N'lGeiyAzDc6', N'274', N'680', N'571', N'www.jhernandez.info', N'34', N'1'), (N'30', N'FmvGmg4mia', N'Kiwi se', N'5oRdqurq0l', N'425', N'24', N'810', N'auth.yuenhy.xyz', N'36', N'1'), (N'31', N'XyQH59E6ES', N'Cheary premium', N'9UeohPHAX0', N'103', N'915', N'924', N'drive.jacobh.cn', N'43', N'1'), (N'32', N'S4Cs0kfSoM', N'raspberry', N'x4s3PVCIoc', N'622', N'411', N'393', N'image.dingyunxi7.info', N'24', N'1'), (N'33', N'KlGZ5oKqt8', N'Raspberry core', N'MwHsuq0BkC', N'559', N'802', N'755', N'video.xiuyingz.jp', N'9', N'1'), (N'34', N'8ATamDhjLA', N'Kiwi', N'uOKufVX2t4', N'994', N'571', N'981', N'drive.juanrod.xyz', N'37', N'1'), (N'35', N'548lkriBMe', N'Rabbutan', N'Q1fYB3a4VL', N'994', N'734', N'726', N'auth.sakuranakamori1.info', N'47', N'1'), (N'36', N'WzeEwTw1CS', N'Strawberpy', N'jPFtb1AFmz', N'723', N'160', N'12', N'drive.yuanlan.jp', N'28', N'1'), (N'37', N'pXuAvOfamW', N'Rasfberry', N'QDGJh3aFdY', N'666', N'111', N'546', N'image.harris59.xyz', N'43', N'0'), (N'38', N'hwKthLqMXq', N'jiwi core', N'cbnCNt6nn4', N'148', N'8', N'546', N'drive.ryotaarai430.us', N'15', N'0'), (N'39', N'pY1bfCMBLo', N'Mango plus', N'FybVRwksSZ', N'575', N'514', N'251', N'drive.lofs.com', N'23', N'0'), (N'40', N'pUnzp4JMNG', N'ambi-Rambutxn', N'vq4s4H3swN', N'770', N'540', N'856', N'image.xiaomingjin.us', N'37', N'0'), (N'41', N'I6elG62cMd', N'Kdwi', N'4t80vvzT6x', N'550', N'19', N'502', N'auth.silok46.info', N'3', N'0'), (N'42', N'ICYGi6IUUf', N'Chevry pi', N'TKcbZhBylg', N'506', N'487', N'530', N'drive.rin328.co.jp', N'33', N'1'), (N'43', N'QVgdlXi8lA', N'Mango mini', N'MVCzibluav', N'622', N'537', N'142', N'auth.yanx1018.co.jp', N'30', N'0'), (N'44', N'GnBFpgxKfo', N'ambi-Orange', N'PIKnkwywlA', N'38', N'31', N'136', N'image.ryalan.biz', N'38', N'1'), (N'45', N'pOJy5Uv9Vn', N'Malgo air', N'P66s4fEWnO', N'653', N'487', N'444', N'video.helenbailey.cn', N'7', N'0'), (N'46', N'M9N4ouWPnz', N'Raspberry se', N'olvlSPefrr', N'687', N'926', N'884', N'auth.zou00.net', N'26', N'0'), (N'47', N'zaDCDTLEwp', N'Cherry', N'pb2kZooiNg', N'874', N'697', N'306', N'drive.rena1123.net', N'2', N'0'), (N'48', N'UE9snDwrkJ', N'Pluops', N'NkVkJX69p7', N'719', N'678', N'16', N'auth.siky609.biz', N'11', N'1'), (N'49', N'xFAIjgBl68', N'Strawberry air', N'GporRgNSgb', N'422', N'622', N'260', N'drive.seikoshima.jp', N'49', N'0'), (N'50', N'ZvCFH756N9', N'Grape plus', N'hb3YncRZb0', N'975', N'326', N'855', N'www.renas.us', N'34', N'0')
GO

SET IDENTITY_INSERT [dbo].[XeMay] OFF
GO

COMMIT
GO


-- ----------------------------
-- Auto increment value for BaiHat
-- ----------------------------
DBCC CHECKIDENT ('[dbo].[BaiHat]', RESEED, 1000)
GO


-- ----------------------------
-- Primary Key structure for table BaiHat
-- ----------------------------
ALTER TABLE [dbo].[BaiHat] ADD CONSTRAINT [PK__BaiHat__3214EC27F8E4ACC3] PRIMARY KEY CLUSTERED ([ID])
WITH (PAD_INDEX = OFF, STATISTICS_NORECOMPUTE = OFF, IGNORE_DUP_KEY = OFF, ALLOW_ROW_LOCKS = ON, ALLOW_PAGE_LOCKS = ON)  
ON [PRIMARY]
GO


-- ----------------------------
-- Auto increment value for Ban
-- ----------------------------
DBCC CHECKIDENT ('[dbo].[Ban]', RESEED, 50)
GO


-- ----------------------------
-- Primary Key structure for table Ban
-- ----------------------------
ALTER TABLE [dbo].[Ban] ADD CONSTRAINT [PK__Ban__3214EC27A1BEAAF3] PRIMARY KEY CLUSTERED ([ID])
WITH (PAD_INDEX = OFF, STATISTICS_NORECOMPUTE = OFF, IGNORE_DUP_KEY = OFF, ALLOW_ROW_LOCKS = ON, ALLOW_PAGE_LOCKS = ON)  
ON [PRIMARY]
GO


-- ----------------------------
-- Auto increment value for CaSi
-- ----------------------------
DBCC CHECKIDENT ('[dbo].[CaSi]', RESEED, 50)
GO


-- ----------------------------
-- Primary Key structure for table CaSi
-- ----------------------------
ALTER TABLE [dbo].[CaSi] ADD CONSTRAINT [PK__CaSi__3214EC277EDFE7A0] PRIMARY KEY CLUSTERED ([ID])
WITH (PAD_INDEX = OFF, STATISTICS_NORECOMPUTE = OFF, IGNORE_DUP_KEY = OFF, ALLOW_ROW_LOCKS = ON, ALLOW_PAGE_LOCKS = ON)  
ON [PRIMARY]
GO


-- ----------------------------
-- Auto increment value for ChucVu
-- ----------------------------
DBCC CHECKIDENT ('[dbo].[ChucVu]', RESEED, 50)
GO


-- ----------------------------
-- Primary Key structure for table ChucVu
-- ----------------------------
ALTER TABLE [dbo].[ChucVu] ADD CONSTRAINT [PK__ChucVu__3214EC272CFCB6BF] PRIMARY KEY CLUSTERED ([ID])
WITH (PAD_INDEX = OFF, STATISTICS_NORECOMPUTE = OFF, IGNORE_DUP_KEY = OFF, ALLOW_ROW_LOCKS = ON, ALLOW_PAGE_LOCKS = ON)  
ON [PRIMARY]
GO


-- ----------------------------
-- Auto increment value for KhachHang
-- ----------------------------
DBCC CHECKIDENT ('[dbo].[KhachHang]', RESEED, 50)
GO


-- ----------------------------
-- Primary Key structure for table KhachHang
-- ----------------------------
ALTER TABLE [dbo].[KhachHang] ADD CONSTRAINT [PK__KhachHan__3214EC271BF51320] PRIMARY KEY CLUSTERED ([ID])
WITH (PAD_INDEX = OFF, STATISTICS_NORECOMPUTE = OFF, IGNORE_DUP_KEY = OFF, ALLOW_ROW_LOCKS = ON, ALLOW_PAGE_LOCKS = ON)  
ON [PRIMARY]
GO


-- ----------------------------
-- Auto increment value for KyThi
-- ----------------------------
DBCC CHECKIDENT ('[dbo].[KyThi]', RESEED, 50)
GO


-- ----------------------------
-- Primary Key structure for table KyThi
-- ----------------------------
ALTER TABLE [dbo].[KyThi] ADD CONSTRAINT [PK__KyThi__3214EC27CD8C3E89] PRIMARY KEY CLUSTERED ([ID])
WITH (PAD_INDEX = OFF, STATISTICS_NORECOMPUTE = OFF, IGNORE_DUP_KEY = OFF, ALLOW_ROW_LOCKS = ON, ALLOW_PAGE_LOCKS = ON)  
ON [PRIMARY]
GO


-- ----------------------------
-- Auto increment value for LoaiSP
-- ----------------------------
DBCC CHECKIDENT ('[dbo].[LoaiSP]', RESEED, 50)
GO


-- ----------------------------
-- Primary Key structure for table LoaiSP
-- ----------------------------
ALTER TABLE [dbo].[LoaiSP] ADD CONSTRAINT [PK__LoaiSP__3214EC274DB25A91] PRIMARY KEY CLUSTERED ([ID])
WITH (PAD_INDEX = OFF, STATISTICS_NORECOMPUTE = OFF, IGNORE_DUP_KEY = OFF, ALLOW_ROW_LOCKS = ON, ALLOW_PAGE_LOCKS = ON)  
ON [PRIMARY]
GO


-- ----------------------------
-- Auto increment value for LoaiXM
-- ----------------------------
DBCC CHECKIDENT ('[dbo].[LoaiXM]', RESEED, 50)
GO


-- ----------------------------
-- Primary Key structure for table LoaiXM
-- ----------------------------
ALTER TABLE [dbo].[LoaiXM] ADD CONSTRAINT [PK__LoaiXM__3214EC279ACC1450] PRIMARY KEY CLUSTERED ([ID])
WITH (PAD_INDEX = OFF, STATISTICS_NORECOMPUTE = OFF, IGNORE_DUP_KEY = OFF, ALLOW_ROW_LOCKS = ON, ALLOW_PAGE_LOCKS = ON)  
ON [PRIMARY]
GO


-- ----------------------------
-- Auto increment value for MoiQuanHe
-- ----------------------------
DBCC CHECKIDENT ('[dbo].[MoiQuanHe]', RESEED, 50)
GO


-- ----------------------------
-- Primary Key structure for table MoiQuanHe
-- ----------------------------
ALTER TABLE [dbo].[MoiQuanHe] ADD CONSTRAINT [PK__MoiQuanH__3214EC27E62C4452] PRIMARY KEY CLUSTERED ([ID])
WITH (PAD_INDEX = OFF, STATISTICS_NORECOMPUTE = OFF, IGNORE_DUP_KEY = OFF, ALLOW_ROW_LOCKS = ON, ALLOW_PAGE_LOCKS = ON)  
ON [PRIMARY]
GO


-- ----------------------------
-- Auto increment value for NhanVien
-- ----------------------------
DBCC CHECKIDENT ('[dbo].[NhanVien]', RESEED, 50)
GO


-- ----------------------------
-- Primary Key structure for table NhanVien
-- ----------------------------
ALTER TABLE [dbo].[NhanVien] ADD CONSTRAINT [PK__NhanVien__3214EC2775F1E245] PRIMARY KEY CLUSTERED ([ID])
WITH (PAD_INDEX = OFF, STATISTICS_NORECOMPUTE = OFF, IGNORE_DUP_KEY = OFF, ALLOW_ROW_LOCKS = ON, ALLOW_PAGE_LOCKS = ON)  
ON [PRIMARY]
GO


-- ----------------------------
-- Auto increment value for NXB
-- ----------------------------
DBCC CHECKIDENT ('[dbo].[NXB]', RESEED, 50)
GO


-- ----------------------------
-- Primary Key structure for table NXB
-- ----------------------------
ALTER TABLE [dbo].[NXB] ADD CONSTRAINT [PK__NXB__3214EC27BAA419FA] PRIMARY KEY CLUSTERED ([ID])
WITH (PAD_INDEX = OFF, STATISTICS_NORECOMPUTE = OFF, IGNORE_DUP_KEY = OFF, ALLOW_ROW_LOCKS = ON, ALLOW_PAGE_LOCKS = ON)  
ON [PRIMARY]
GO


-- ----------------------------
-- Auto increment value for PhieuGiamGia
-- ----------------------------
DBCC CHECKIDENT ('[dbo].[PhieuGiamGia]', RESEED, 50)
GO


-- ----------------------------
-- Primary Key structure for table PhieuGiamGia
-- ----------------------------
ALTER TABLE [dbo].[PhieuGiamGia] ADD CONSTRAINT [PK__PhieuGia__3214EC27284AC30F] PRIMARY KEY CLUSTERED ([ID])
WITH (PAD_INDEX = OFF, STATISTICS_NORECOMPUTE = OFF, IGNORE_DUP_KEY = OFF, ALLOW_ROW_LOCKS = ON, ALLOW_PAGE_LOCKS = ON)  
ON [PRIMARY]
GO


-- ----------------------------
-- Auto increment value for Playlist
-- ----------------------------
DBCC CHECKIDENT ('[dbo].[Playlist]', RESEED, 50)
GO


-- ----------------------------
-- Primary Key structure for table Playlist
-- ----------------------------
ALTER TABLE [dbo].[Playlist] ADD CONSTRAINT [PK__Playlist__3214EC272AAEA7B1] PRIMARY KEY CLUSTERED ([ID])
WITH (PAD_INDEX = OFF, STATISTICS_NORECOMPUTE = OFF, IGNORE_DUP_KEY = OFF, ALLOW_ROW_LOCKS = ON, ALLOW_PAGE_LOCKS = ON)  
ON [PRIMARY]
GO


-- ----------------------------
-- Auto increment value for Sach
-- ----------------------------
DBCC CHECKIDENT ('[dbo].[Sach]', RESEED, 50)
GO


-- ----------------------------
-- Primary Key structure for table Sach
-- ----------------------------
ALTER TABLE [dbo].[Sach] ADD CONSTRAINT [PK__Sach__3214EC279AC99423] PRIMARY KEY CLUSTERED ([ID])
WITH (PAD_INDEX = OFF, STATISTICS_NORECOMPUTE = OFF, IGNORE_DUP_KEY = OFF, ALLOW_ROW_LOCKS = ON, ALLOW_PAGE_LOCKS = ON)  
ON [PRIMARY]
GO


-- ----------------------------
-- Auto increment value for SanPham
-- ----------------------------
DBCC CHECKIDENT ('[dbo].[SanPham]', RESEED, 50)
GO


-- ----------------------------
-- Primary Key structure for table SanPham
-- ----------------------------
ALTER TABLE [dbo].[SanPham] ADD CONSTRAINT [PK__SanPham__3214EC270E2E04BA] PRIMARY KEY CLUSTERED ([ID])
WITH (PAD_INDEX = OFF, STATISTICS_NORECOMPUTE = OFF, IGNORE_DUP_KEY = OFF, ALLOW_ROW_LOCKS = ON, ALLOW_PAGE_LOCKS = ON)  
ON [PRIMARY]
GO


-- ----------------------------
-- Auto increment value for SinhVien
-- ----------------------------
DBCC CHECKIDENT ('[dbo].[SinhVien]', RESEED, 50)
GO


-- ----------------------------
-- Primary Key structure for table SinhVien
-- ----------------------------
ALTER TABLE [dbo].[SinhVien] ADD CONSTRAINT [PK__SinhVien__3214EC27D08F9B84] PRIMARY KEY CLUSTERED ([ID])
WITH (PAD_INDEX = OFF, STATISTICS_NORECOMPUTE = OFF, IGNORE_DUP_KEY = OFF, ALLOW_ROW_LOCKS = ON, ALLOW_PAGE_LOCKS = ON)  
ON [PRIMARY]
GO


-- ----------------------------
-- Auto increment value for XeMay
-- ----------------------------
DBCC CHECKIDENT ('[dbo].[XeMay]', RESEED, 50)
GO


-- ----------------------------
-- Primary Key structure for table XeMay
-- ----------------------------
ALTER TABLE [dbo].[XeMay] ADD CONSTRAINT [PK__XeMay__3214EC278A3D7301] PRIMARY KEY CLUSTERED ([ID])
WITH (PAD_INDEX = OFF, STATISTICS_NORECOMPUTE = OFF, IGNORE_DUP_KEY = OFF, ALLOW_ROW_LOCKS = ON, ALLOW_PAGE_LOCKS = ON)  
ON [PRIMARY]
GO

SELECT * FROM dbo.BaiHat